Date,TimeStamp,IsCommanded,Channel1,Channel2,Channel3,Channel4,utc_time,local_time
2024-05-23 21:43:41.542550,74.999,False,0.748405,6.9e-05,0.0,0.0,2024-01-20 22:57:41.810098000,2024-01-20 17:57:41.810098000
2024-05-23 21:43:41.542550,74.999,True,1.06611,1.099988,1.138685,1.129734,2024-01-20 22:57:41.810098000,2024-01-20 17:57:41.810098000
2024-05-23 21:43:42.534025,75.999,False,1.029409,6.9e-05,0.0,0.0,2024-01-20 22:57:42.801573000,2024-01-20 17:57:42.801573000
2024-05-23 21:43:42.534025,75.999,True,1.065835,1.099988,1.138547,1.129734,2024-01-20 22:57:42.801573000,2024-01-20 17:57:42.801573000
2024-05-23 21:43:43.542050,76.999,False,4.293566,6.9e-05,0.0,0.0,2024-01-20 22:57:43.809598000,2024-01-20 17:57:43.809598000
2024-05-23 21:43:43.542075,76.999,True,1.065903,1.100125,1.138754,1.129734,2024-01-20 22:57:43.809623000,2024-01-20 17:57:43.809623000
2024-05-23 21:43:44.533825,77.999,False,1.20341,6.9e-05,0.0,0.0,2024-01-20 22:57:44.801373000,2024-01-20 17:57:44.801373000
2024-05-23 21:43:44.533825,77.999,True,1.065903,1.100056,1.138685,1.129803,2024-01-20 22:57:44.801373000,2024-01-20 17:57:44.801373000
2024-05-23 21:43:45.541750,78.999,False,1.419621,6.9e-05,0.0,0.0,2024-01-20 22:57:45.809298000,2024-01-20 17:57:45.809298000
2024-05-23 21:43:45.541775,78.999,True,1.065972,1.100401,1.138754,1.129734,2024-01-20 22:57:45.809323000,2024-01-20 17:57:45.809323000
2024-05-23 21:43:46.533475,79.999,False,1.705239,6.9e-05,0.0,0.0,2024-01-20 22:57:46.801023000,2024-01-20 17:57:46.801023000
2024-05-23 21:43:46.533475,79.999,True,1.065835,1.100125,1.138685,1.129871,2024-01-20 22:57:46.801023000,2024-01-20 17:57:46.801023000
2024-05-23 21:43:47.541325,80.999,False,2.040021,6.9e-05,0.0,0.0,2024-01-20 22:57:47.808873000,2024-01-20 17:57:47.808873000
2024-05-23 21:43:47.541325,80.999,True,1.066041,1.100194,1.138685,1.129527,2024-01-20 22:57:47.808873000,2024-01-20 17:57:47.808873000
2024-05-23 21:43:48.533150,81.999,False,2.308493,6.9e-05,0.0,0.0,2024-01-20 22:57:48.800698000,2024-01-20 17:57:48.800698000
2024-05-23 21:43:48.533175,81.999,True,1.065903,1.100056,1.138685,1.129596,2024-01-20 22:57:48.800723000,2024-01-20 17:57:48.800723000
2024-05-23 21:43:49.541050,82.999,False,2.538338,6.9e-05,0.0,0.0,2024-01-20 22:57:49.808598000,2024-01-20 17:57:49.808598000
2024-05-23 21:43:49.541075,82.999,True,1.065903,1.100263,1.138823,1.129665,2024-01-20 22:57:49.808623000,2024-01-20 17:57:49.808623000
2024-05-23 21:43:50.532925,83.999,False,2.820513,6.9e-05,0.0,0.0,2024-01-20 22:57:50.800473000,2024-01-20 17:57:50.800473000
2024-05-23 21:43:50.532950,83.999,True,1.065835,1.099919,1.138616,1.129734,2024-01-20 22:57:50.800498000,2024-01-20 17:57:50.800498000
2024-05-23 21:43:51.540650,84.999,False,3.102412,6.9e-05,0.0,0.0,2024-01-20 22:57:51.808198000,2024-01-20 17:57:51.808198000
2024-05-23 21:43:51.540675,84.999,True,1.065972,1.100194,1.138754,1.129734,2024-01-20 22:57:51.808223000,2024-01-20 17:57:51.808223000
2024-05-23 21:43:52.532500,85.999,False,0.184743,6.9e-05,0.0,0.0,2024-01-20 22:57:52.800048000,2024-01-20 17:57:52.800048000
2024-05-23 21:43:52.532500,85.999,True,1.065972,1.100263,1.138823,1.129665,2024-01-20 22:57:52.800048000,2024-01-20 17:57:52.800048000
2024-05-23 21:43:53.540425,86.999,False,0.285067,6.9e-05,0.0,0.0,2024-01-20 22:57:53.807973000,2024-01-20 17:57:53.807973000
2024-05-23 21:43:53.540450,86.999,True,1.066041,1.100194,1.138685,1.129596,2024-01-20 22:57:53.807998000,2024-01-20 17:57:53.807998000
2024-05-23 21:43:54.532150,87.999,False,0.748405,6.9e-05,0.0,0.0,2024-01-20 22:57:54.799698000,2024-01-20 17:57:54.799698000
2024-05-23 21:43:54.532150,87.999,True,1.065903,1.100056,1.138892,1.129734,2024-01-20 22:57:54.799698000,2024-01-20 17:57:54.799698000
2024-05-23 21:43:55.539950,88.999,False,1.02934,6.9e-05,0.0,0.0,2024-01-20 22:57:55.807498000,2024-01-20 17:57:55.807498000
2024-05-23 21:43:55.539950,88.999,True,1.065835,1.100056,1.138892,1.129596,2024-01-20 22:57:55.807498000,2024-01-20 17:57:55.807498000
2024-05-23 21:43:56.531500,89.999,False,1.203892,6.9e-05,0.0,0.0,2024-01-20 22:57:56.799048000,2024-01-20 17:57:56.799048000
2024-05-23 21:43:56.547575,89.999,True,1.065972,1.100194,1.138547,1.129803,2024-01-20 22:57:56.815123000,2024-01-20 17:57:56.815123000
2024-05-23 21:43:57.539700,90.999,False,1.459627,6.9e-05,0.0,0.0,2024-01-20 22:57:57.807248000,2024-01-20 17:57:57.807248000
2024-05-23 21:43:57.539700,90.999,True,1.065903,1.100056,1.138823,1.129871,2024-01-20 22:57:57.807248000,2024-01-20 17:57:57.807248000
2024-05-23 21:43:58.547600,91.999,False,1.705101,6.9e-05,0.0,0.0,2024-01-20 22:57:58.815148000,2024-01-20 17:57:58.815148000
2024-05-23 21:43:58.547625,91.999,True,1.065697,1.099988,1.138823,1.129734,2024-01-20 22:57:58.815173000,2024-01-20 17:57:58.815173000
2024-05-23 21:43:59.539400,92.999,False,2.036853,6.9e-05,0.0,0.0,2024-01-20 22:57:59.806948000,2024-01-20 17:57:59.806948000
2024-05-23 21:43:59.539400,92.999,True,1.065903,1.100125,1.138823,1.129665,2024-01-20 22:57:59.806948000,2024-01-20 17:57:59.806948000
2024-05-23 21:44:00.547250,93.999,False,2.308425,6.9e-05,0.0,0.0,2024-01-20 22:58:00.814798000,2024-01-20 17:58:00.814798000
2024-05-23 21:44:00.547250,93.999,True,1.065903,1.100263,1.138892,1.129734,2024-01-20 22:58:00.814798000,2024-01-20 17:58:00.814798000
2024-05-23 21:44:01.538900,94.999,False,2.538338,6.9e-05,0.0,0.0,2024-01-20 22:58:01.806448000,2024-01-20 17:58:01.806448000
2024-05-23 21:44:01.538925,94.999,True,1.065766,1.100194,1.138754,1.129596,2024-01-20 22:58:01.806473000,2024-01-20 17:58:01.806473000
2024-05-23 21:44:02.546750,95.999,False,2.820513,6.9e-05,0.0,0.0,2024-01-20 22:58:02.814298000,2024-01-20 17:58:02.814298000
2024-05-23 21:44:02.546750,95.999,True,1.065697,1.100194,1.138616,1.129734,2024-01-20 22:58:02.814298000,2024-01-20 17:58:02.814298000
2024-05-23 21:44:03.538725,96.999,False,3.102412,6.9e-05,0.0,0.0,2024-01-20 22:58:03.806273000,2024-01-20 17:58:03.806273000
2024-05-23 21:44:03.538750,96.999,True,1.065559,1.100125,1.138685,1.129665,2024-01-20 22:58:03.806298000,2024-01-20 17:58:03.806298000
2024-05-23 21:44:04.546425,97.999,False,0.184743,6.9e-05,0.0,0.0,2024-01-20 22:58:04.813973000,2024-01-20 17:58:04.813973000
2024-05-23 21:44:04.546425,97.999,True,1.065766,1.100125,1.138685,1.129458,2024-01-20 22:58:04.813973000,2024-01-20 17:58:04.813973000
2024-05-23 21:44:05.538325,98.999,False,0.285136,6.9e-05,0.0,0.0,2024-01-20 22:58:05.805873000,2024-01-20 17:58:05.805873000
2024-05-23 21:44:05.538325,98.999,True,1.065559,1.100056,1.138547,1.129665,2024-01-20 22:58:05.805873000,2024-01-20 17:58:05.805873000
2024-05-23 21:44:06.546125,99.999,False,0.748336,6.9e-05,0.0,0.0,2024-01-20 22:58:06.813673000,2024-01-20 17:58:06.813673000
2024-05-23 21:44:06.546150,99.999,True,1.065628,1.100194,1.138823,1.129665,2024-01-20 22:58:06.813698000,2024-01-20 17:58:06.813698000
2024-05-23 21:44:07.537550,100.999,False,1.029409,6.9e-05,0.0,0.0,2024-01-20 22:58:07.805098000,2024-01-20 17:58:07.805098000
2024-05-23 21:44:07.542800,100.999,True,1.065559,1.100263,1.138685,1.129734,2024-01-20 22:58:07.810348000,2024-01-20 17:58:07.810348000
2024-05-23 21:44:08.545825,101.999,False,1.204099,6.9e-05,0.0,0.0,2024-01-20 22:58:08.813373000,2024-01-20 17:58:08.813373000
2024-05-23 21:44:08.545825,101.999,True,1.065628,1.100056,1.138616,1.129734,2024-01-20 22:58:08.813373000,2024-01-20 17:58:08.813373000
2024-05-23 21:44:09.537650,102.999,False,1.459627,6.9e-05,0.0,0.0,2024-01-20 22:58:09.805198000,2024-01-20 17:58:09.805198000
2024-05-23 21:44:09.537650,102.999,True,1.065697,1.100056,1.138823,1.129458,2024-01-20 22:58:09.805198000,2024-01-20 17:58:09.805198000
2024-05-23 21:44:10.545650,103.999,False,1.70517,6.9e-05,0.0,0.0,2024-01-20 22:58:10.813198000,2024-01-20 17:58:10.813198000
2024-05-23 21:44:10.545650,103.999,True,1.065628,1.099919,1.138754,1.129734,2024-01-20 22:58:10.813198000,2024-01-20 17:58:10.813198000
2024-05-23 21:44:11.537425,104.999,False,2.036853,6.9e-05,0.0,0.0,2024-01-20 22:58:11.804973000,2024-01-20 17:58:11.804973000
2024-05-23 21:44:11.537425,104.999,True,1.065628,1.100056,1.138754,1.129665,2024-01-20 22:58:11.804973000,2024-01-20 17:58:11.804973000
2024-05-23 21:44:12.545150,105.999,False,2.308356,6.9e-05,0.0,0.0,2024-01-20 22:58:12.812698000,2024-01-20 17:58:12.812698000
2024-05-23 21:44:12.545150,105.999,True,1.06549,1.099988,1.138823,1.129458,2024-01-20 22:58:12.812698000,2024-01-20 17:58:12.812698000
2024-05-23 21:44:13.536975,106.999,False,2.538338,6.9e-05,0.0,0.0,2024-01-20 22:58:13.804523000,2024-01-20 17:58:13.804523000
2024-05-23 21:44:13.537000,106.999,True,1.065697,1.099919,1.138823,1.129527,2024-01-20 22:58:13.804548000,2024-01-20 17:58:13.804548000
2024-05-23 21:44:14.544825,107.999,False,2.820513,6.9e-05,0.0,0.0,2024-01-20 22:58:14.812373000,2024-01-20 17:58:14.812373000
2024-05-23 21:44:14.544825,107.999,True,1.065559,1.100056,1.138754,1.129458,2024-01-20 22:58:14.812373000,2024-01-20 17:58:14.812373000
2024-05-23 21:44:15.536825,108.999,False,3.102412,6.9e-05,0.0,0.0,2024-01-20 22:58:15.804373000,2024-01-20 17:58:15.804373000
2024-05-23 21:44:15.536825,108.999,True,1.065697,1.099988,1.138685,1.129527,2024-01-20 22:58:15.804373000,2024-01-20 17:58:15.804373000
2024-05-23 21:44:16.544600,109.999,False,0.184743,6.9e-05,0.0,0.0,2024-01-20 22:58:16.812148000,2024-01-20 17:58:16.812148000
2024-05-23 21:44:16.544600,109.999,True,1.065559,1.099988,1.138616,1.129389,2024-01-20 22:58:16.812148000,2024-01-20 17:58:16.812148000
2024-05-23 21:44:17.536500,110.999,False,0.285136,6.9e-05,0.0,0.0,2024-01-20 22:58:17.804048000,2024-01-20 17:58:17.804048000
2024-05-23 21:44:17.536500,110.999,True,1.065628,1.099919,1.138754,1.129458,2024-01-20 22:58:17.804048000,2024-01-20 17:58:17.804048000
2024-05-23 21:44:18.544175,111.999,False,0.748405,6.9e-05,0.0,0.0,2024-01-20 22:58:18.811723000,2024-01-20 17:58:18.811723000
2024-05-23 21:44:18.544200,111.999,True,1.065697,1.100125,1.138754,1.129665,2024-01-20 22:58:18.811748000,2024-01-20 17:58:18.811748000
2024-05-23 21:44:19.536000,112.999,False,1.02934,6.9e-05,0.0,0.0,2024-01-20 22:58:19.803548000,2024-01-20 17:58:19.803548000
2024-05-23 21:44:19.536025,112.999,True,1.06549,1.100056,1.138754,1.129596,2024-01-20 22:58:19.803573000,2024-01-20 17:58:19.803573000
2024-05-23 21:44:20.544000,113.999,False,1.203892,6.9e-05,0.0,0.0,2024-01-20 22:58:20.811548000,2024-01-20 17:58:20.811548000
2024-05-23 21:44:20.544025,113.999,True,1.065628,1.100125,1.138823,1.129734,2024-01-20 22:58:20.811573000,2024-01-20 17:58:20.811573000
2024-05-23 21:44:21.535750,114.999,False,1.459558,6.9e-05,0.0,0.0,2024-01-20 22:58:21.803298000,2024-01-20 17:58:21.803298000
2024-05-23 21:44:21.535750,114.999,True,1.065835,1.100125,1.138616,1.129665,2024-01-20 22:58:21.803298000,2024-01-20 17:58:21.803298000
2024-05-23 21:44:22.543525,115.999,False,1.705101,6.9e-05,0.0,0.0,2024-01-20 22:58:22.811073000,2024-01-20 17:58:22.811073000
2024-05-23 21:44:22.543525,115.999,True,1.065559,1.099919,1.138616,1.129596,2024-01-20 22:58:22.811073000,2024-01-20 17:58:22.811073000
2024-05-23 21:44:23.535500,116.999,False,2.036853,6.9e-05,0.0,0.0,2024-01-20 22:58:23.803048000,2024-01-20 17:58:23.803048000
2024-05-23 21:44:23.535500,116.999,True,1.065559,1.09985,1.138754,1.129458,2024-01-20 22:58:23.803048000,2024-01-20 17:58:23.803048000
2024-05-23 21:44:24.543325,117.999,False,2.308356,6.9e-05,0.0,0.0,2024-01-20 22:58:24.810873000,2024-01-20 17:58:24.810873000
2024-05-23 21:44:24.543325,117.999,True,1.065766,1.100125,1.138685,1.129665,2024-01-20 22:58:24.810873000,2024-01-20 17:58:24.810873000
2024-05-23 21:44:25.535025,118.999,False,2.538338,6.9e-05,0.0,0.0,2024-01-20 22:58:25.802573000,2024-01-20 17:58:25.802573000
2024-05-23 21:44:25.535025,118.999,True,1.065628,1.09985,1.138754,1.129527,2024-01-20 22:58:25.802573000,2024-01-20 17:58:25.802573000
2024-05-23 21:44:26.542875,119.999,False,2.820513,6.9e-05,0.0,0.0,2024-01-20 22:58:26.810423000,2024-01-20 17:58:26.810423000
2024-05-23 21:44:26.542875,119.999,True,1.065697,1.099919,1.138892,1.129527,2024-01-20 22:58:26.810423000,2024-01-20 17:58:26.810423000
2024-05-23 21:44:27.534625,120.999,False,3.102412,6.9e-05,0.0,0.0,2024-01-20 22:58:27.802173000,2024-01-20 17:58:27.802173000
2024-05-23 21:44:27.534625,120.999,True,1.065766,1.100056,1.138547,1.129527,2024-01-20 22:58:27.802173000,2024-01-20 17:58:27.802173000
2024-05-23 21:44:28.542700,121.999,False,0.184743,6.9e-05,0.0,0.0,2024-01-20 22:58:28.810248000,2024-01-20 17:58:28.810248000
2024-05-23 21:44:28.542700,121.999,True,1.065697,1.099988,1.13841,1.129527,2024-01-20 22:58:28.810248000,2024-01-20 17:58:28.810248000
2024-05-23 21:44:29.534425,122.999,False,0.285067,6.9e-05,0.0,0.0,2024-01-20 22:58:29.801973000,2024-01-20 17:58:29.801973000
2024-05-23 21:44:29.534425,122.999,True,1.065766,1.09985,1.138616,1.129389,2024-01-20 22:58:29.801973000,2024-01-20 17:58:29.801973000
2024-05-23 21:44:30.542200,123.999,False,0.748336,6.9e-05,0.0,0.0,2024-01-20 22:58:30.809748000,2024-01-20 17:58:30.809748000
2024-05-23 21:44:30.542200,123.999,True,1.065835,1.100056,1.138685,1.129596,2024-01-20 22:58:30.809748000,2024-01-20 17:58:30.809748000
2024-05-23 21:44:31.534175,124.999,False,1.029478,6.9e-05,0.0,0.0,2024-01-20 22:58:31.801723000,2024-01-20 17:58:31.801723000
2024-05-23 21:44:31.534200,124.999,True,1.065766,1.099919,1.138616,1.129389,2024-01-20 22:58:31.801748000,2024-01-20 17:58:31.801748000
2024-05-23 21:44:32.542175,125.999,False,1.203892,6.9e-05,0.0,0.0,2024-01-20 22:58:32.809723000,2024-01-20 17:58:32.809723000
2024-05-23 21:44:32.542175,125.999,True,1.065903,1.099988,1.13841,1.129665,2024-01-20 22:58:32.809723000,2024-01-20 17:58:32.809723000
2024-05-23 21:44:33.533750,126.999,False,1.459627,6.9e-05,0.0,0.0,2024-01-20 22:58:33.801298000,2024-01-20 17:58:33.801298000
2024-05-23 21:44:33.533775,126.999,True,1.065628,1.099919,1.138547,1.129665,2024-01-20 22:58:33.801323000,2024-01-20 17:58:33.801323000
2024-05-23 21:44:34.541600,127.999,False,1.70517,6.9e-05,0.0,0.0,2024-01-20 22:58:34.809148000,2024-01-20 17:58:34.809148000
2024-05-23 21:44:34.541600,127.999,True,1.065697,1.09985,1.138547,1.129389,2024-01-20 22:58:34.809148000,2024-01-20 17:58:34.809148000
2024-05-23 21:44:35.533325,128.999,False,2.036853,6.9e-05,0.0,0.0,2024-01-20 22:58:35.800873000,2024-01-20 17:58:35.800873000
2024-05-23 21:44:35.533325,128.999,True,1.065697,1.099919,1.138754,1.129596,2024-01-20 22:58:35.800873000,2024-01-20 17:58:35.800873000
2024-05-23 21:44:36.541225,129.999,False,2.308356,6.9e-05,0.0,0.0,2024-01-20 22:58:36.808773000,2024-01-20 17:58:36.808773000
2024-05-23 21:44:36.541225,129.999,True,1.065628,1.099988,1.138754,1.129527,2024-01-20 22:58:36.808773000,2024-01-20 17:58:36.808773000
2024-05-23 21:44:37.532650,130.999,False,2.538338,6.9e-05,0.0,0.0,2024-01-20 22:58:37.800198000,2024-01-20 17:58:37.800198000
2024-05-23 21:44:37.537800,130.999,True,1.065697,1.099988,1.138616,1.129665,2024-01-20 22:58:37.805348000,2024-01-20 17:58:37.805348000
2024-05-23 21:44:38.540400,131.999,False,2.820513,6.9e-05,0.0,0.0,2024-01-20 22:58:38.807948000,2024-01-20 17:58:38.807948000
2024-05-23 21:44:38.545550,131.999,True,1.065628,1.100056,1.138479,1.129321,2024-01-20 22:58:38.813098000,2024-01-20 17:58:38.813098000
2024-05-23 21:44:39.532550,132.999,False,3.102412,6.9e-05,0.0,0.0,2024-01-20 22:58:39.800098000,2024-01-20 17:58:39.800098000
2024-05-23 21:44:39.532575,132.999,True,1.065697,1.09985,1.138685,1.129527,2024-01-20 22:58:39.800123000,2024-01-20 17:58:39.800123000
2024-05-23 21:44:40.540625,133.999,False,0.184743,6.9e-05,0.0,0.0,2024-01-20 22:58:40.808173000,2024-01-20 17:58:40.808173000
2024-05-23 21:44:40.540650,133.999,True,1.065559,1.099988,1.138547,1.129458,2024-01-20 22:58:40.808198000,2024-01-20 17:58:40.808198000
2024-05-23 21:44:41.532525,134.999,False,0.285136,6.9e-05,0.0,0.0,2024-01-20 22:58:41.800073000,2024-01-20 17:58:41.800073000
2024-05-23 21:44:41.532525,134.999,True,1.065766,1.099919,1.138616,1.129734,2024-01-20 22:58:41.800073000,2024-01-20 17:58:41.800073000
2024-05-23 21:44:42.540300,135.999,False,0.748405,6.9e-05,0.0,0.0,2024-01-20 22:58:42.807848000,2024-01-20 17:58:42.807848000
2024-05-23 21:44:42.540300,135.999,True,1.065697,1.099988,1.138547,1.129596,2024-01-20 22:58:42.807848000,2024-01-20 17:58:42.807848000
2024-05-23 21:44:43.531825,136.999,False,1.029478,6.9e-05,0.0,0.0,2024-01-20 22:58:43.799373000,2024-01-20 17:58:43.799373000
2024-05-23 21:44:43.531850,136.999,True,1.065697,1.099712,1.138341,1.129596,2024-01-20 22:58:43.799398000,2024-01-20 17:58:43.799398000
2024-05-23 21:44:44.539875,137.999,False,1.203824,6.9e-05,0.0,0.0,2024-01-20 22:58:44.807423000,2024-01-20 17:58:44.807423000
2024-05-23 21:44:44.539900,137.999,True,1.065697,1.099919,1.138616,1.129458,2024-01-20 22:58:44.807448000,2024-01-20 17:58:44.807448000
2024-05-23 21:44:45.531250,138.999,False,1.459627,6.9e-05,0.0,0.0,2024-01-20 22:58:45.798798000,2024-01-20 17:58:45.798798000
2024-05-23 21:44:45.547600,138.999,True,1.065421,1.09985,1.138547,1.129458,2024-01-20 22:58:45.815148000,2024-01-20 17:58:45.815148000
2024-05-23 21:44:46.539750,139.999,False,1.70517,6.9e-05,0.0,0.0,2024-01-20 22:58:46.807298000,2024-01-20 17:58:46.807298000
2024-05-23 21:44:46.539750,139.999,True,1.065421,1.099919,1.138341,1.129389,2024-01-20 22:58:46.807298000,2024-01-20 17:58:46.807298000
2024-05-23 21:44:47.547475,140.999,False,2.036853,6.9e-05,0.0,0.0,2024-01-20 22:58:47.815023000,2024-01-20 17:58:47.815023000
2024-05-23 21:44:47.547475,140.999,True,1.065284,1.099712,1.138754,1.129389,2024-01-20 22:58:47.815023000,2024-01-20 17:58:47.815023000
2024-05-23 21:44:48.539200,141.999,False,2.308425,6.9e-05,0.0,0.0,2024-01-20 22:58:48.806748000,2024-01-20 17:58:48.806748000
2024-05-23 21:44:48.539200,141.999,True,1.065559,1.099988,1.138685,1.129321,2024-01-20 22:58:48.806748000,2024-01-20 17:58:48.806748000
2024-05-23 21:44:49.146975,142.599,False,4.35657,6.9e-05,0.0,0.0,2024-01-20 22:58:49.414523000,2024-01-20 17:58:49.414523000
2024-05-23 21:44:49.274775,142.733,False,2.058543,1.92682,1.676319,1.801088,2024-01-20 22:58:49.542323000,2024-01-20 17:58:49.542323000
2024-05-23 21:44:49.546875,142.999,True,1.065559,1.09985,1.138479,1.129389,2024-01-20 22:58:49.814423000,2024-01-20 17:58:49.814423000
2024-05-23 21:44:50.138750,143.599,False,2.538338,0.000138,0.0,0.0,2024-01-20 22:58:50.406298000,2024-01-20 17:58:50.406298000
2024-05-23 21:44:50.538675,143.999,True,1.065628,1.099919,1.138685,1.129527,2024-01-20 22:58:50.806223000,2024-01-20 17:58:50.806223000
2024-05-23 21:44:51.146575,144.599,False,2.820582,6.9e-05,0.0,0.0,2024-01-20 22:58:51.414123000,2024-01-20 17:58:51.414123000
2024-05-23 21:44:51.546600,144.999,True,1.065628,1.100056,1.138479,1.129596,2024-01-20 22:58:51.814148000,2024-01-20 17:58:51.814148000
2024-05-23 21:44:52.138500,145.599,False,3.102412,6.9e-05,0.0,0.0,2024-01-20 22:58:52.406048000,2024-01-20 17:58:52.406048000
2024-05-23 21:44:52.538425,145.999,True,1.065421,1.099712,1.138616,1.129527,2024-01-20 22:58:52.805973000,2024-01-20 17:58:52.805973000
2024-05-23 21:44:53.146250,146.599,False,0.184743,6.9e-05,0.0,0.0,2024-01-20 22:58:53.413798000,2024-01-20 17:58:53.413798000
2024-05-23 21:44:53.546125,146.999,True,1.06549,1.09985,1.13841,1.129389,2024-01-20 22:58:53.813673000,2024-01-20 17:58:53.813673000
2024-05-23 21:44:54.138150,147.599,False,0.285136,6.9e-05,0.0,0.0,2024-01-20 22:58:54.405698000,2024-01-20 17:58:54.405698000
2024-05-23 21:44:54.538025,147.999,True,1.065421,1.09985,1.138616,1.129389,2024-01-20 22:58:54.805573000,2024-01-20 17:58:54.805573000
2024-05-23 21:44:55.145975,148.599,False,0.748405,6.9e-05,0.0,0.0,2024-01-20 22:58:55.413523000,2024-01-20 17:58:55.413523000
2024-05-23 21:44:55.545900,148.999,True,1.06549,1.099919,1.138685,1.129183,2024-01-20 22:58:55.813448000,2024-01-20 17:58:55.813448000
2024-05-23 21:44:56.137550,149.599,False,1.029478,6.9e-05,0.0,0.0,2024-01-20 22:58:56.405098000,2024-01-20 17:58:56.405098000
2024-05-23 21:44:56.537550,149.999,True,1.065697,1.099781,1.138341,1.129527,2024-01-20 22:58:56.805098000,2024-01-20 17:58:56.805098000
2024-05-23 21:44:57.145550,150.599,False,1.203686,6.9e-05,0.0,0.0,2024-01-20 22:58:57.413098000,2024-01-20 17:58:57.413098000
2024-05-23 21:44:57.545475,150.999,True,1.065697,1.099781,1.138479,1.129389,2024-01-20 22:58:57.813023000,2024-01-20 17:58:57.813023000
2024-05-23 21:44:58.137425,151.599,False,1.505279,6.9e-05,0.0,0.0,2024-01-20 22:58:58.404973000,2024-01-20 17:58:58.404973000
2024-05-23 21:44:58.537475,151.999,True,1.065628,1.099781,1.138479,1.129321,2024-01-20 22:58:58.805023000,2024-01-20 17:58:58.805023000
2024-05-23 21:44:59.145225,152.599,False,1.704206,6.9e-05,0.0,0.0,2024-01-20 22:58:59.412773000,2024-01-20 17:58:59.412773000
2024-05-23 21:44:59.545125,152.999,True,1.065559,1.099988,1.138616,1.129389,2024-01-20 22:58:59.812673000,2024-01-20 17:58:59.812673000
2024-05-23 21:45:00.137125,153.599,False,2.099375,6.9e-05,0.0,0.0,2024-01-20 22:59:00.404673000,2024-01-20 17:59:00.404673000
2024-05-23 21:45:00.537025,153.999,True,1.065766,1.099781,1.13841,1.129458,2024-01-20 22:59:00.804573000,2024-01-20 17:59:00.804573000
2024-05-23 21:45:01.144925,154.599,False,2.312281,6.9e-05,0.0,0.0,2024-01-20 22:59:01.412473000,2024-01-20 17:59:01.412473000
2024-05-23 21:45:01.544875,154.999,True,1.065628,1.099781,1.138547,1.129389,2024-01-20 22:59:01.812423000,2024-01-20 17:59:01.812423000
2024-05-23 21:45:02.136750,155.599,False,2.538338,6.9e-05,0.0,0.0,2024-01-20 22:59:02.404298000,2024-01-20 17:59:02.404298000
2024-05-23 21:45:02.536700,155.999,True,1.065766,1.099919,1.138479,1.129389,2024-01-20 22:59:02.804248000,2024-01-20 17:59:02.804248000
2024-05-23 21:45:03.144700,156.599,False,2.820582,6.9e-05,0.0,0.0,2024-01-20 22:59:03.412248000,2024-01-20 17:59:03.412248000
2024-05-23 21:45:03.544500,156.999,True,1.065697,1.099919,1.138479,1.129389,2024-01-20 22:59:03.812048000,2024-01-20 17:59:03.812048000
2024-05-23 21:45:04.136425,157.599,False,3.102412,6.9e-05,0.0,0.0,2024-01-20 22:59:04.403973000,2024-01-20 17:59:04.403973000
2024-05-23 21:45:04.536450,157.999,True,1.065628,1.099919,1.13841,1.129389,2024-01-20 22:59:04.803998000,2024-01-20 17:59:04.803998000
2024-05-23 21:45:05.144300,158.599,False,0.184743,6.9e-05,0.0,0.0,2024-01-20 22:59:05.411848000,2024-01-20 17:59:05.411848000
2024-05-23 21:45:05.544175,158.999,True,1.06549,1.09985,1.13841,1.129389,2024-01-20 22:59:05.811723000,2024-01-20 17:59:05.811723000
2024-05-23 21:45:06.136075,159.599,False,0.285136,6.9e-05,0.0,0.0,2024-01-20 22:59:06.403623000,2024-01-20 17:59:06.403623000
2024-05-23 21:45:06.536000,159.999,True,1.065628,1.099988,1.138547,1.129527,2024-01-20 22:59:06.803548000,2024-01-20 17:59:06.803548000
2024-05-23 21:45:07.143950,160.599,False,0.748405,6.9e-05,0.0,0.0,2024-01-20 22:59:07.411498000,2024-01-20 17:59:07.411498000
2024-05-23 21:45:07.543900,160.999,True,1.065697,1.099919,1.138341,1.129321,2024-01-20 22:59:07.811448000,2024-01-20 17:59:07.811448000
2024-05-23 21:45:08.135800,161.599,False,1.029478,6.9e-05,0.0,0.0,2024-01-20 22:59:08.403348000,2024-01-20 17:59:08.403348000
2024-05-23 21:45:08.535725,161.999,True,1.065353,1.09985,1.138272,1.129114,2024-01-20 22:59:08.803273000,2024-01-20 17:59:08.803273000
2024-05-23 21:45:09.143575,162.599,False,1.203686,6.9e-05,0.0,0.0,2024-01-20 22:59:09.411123000,2024-01-20 17:59:09.411123000
2024-05-23 21:45:09.543600,162.999,True,1.06549,1.099919,1.13841,1.129458,2024-01-20 22:59:09.811148000,2024-01-20 17:59:09.811148000
2024-05-23 21:45:10.135525,163.599,False,1.505141,6.9e-05,0.0,0.0,2024-01-20 22:59:10.403073000,2024-01-20 17:59:10.403073000
2024-05-23 21:45:10.535325,163.999,True,1.065766,1.099781,1.13841,1.129458,2024-01-20 22:59:10.802873000,2024-01-20 17:59:10.802873000
2024-05-23 21:45:11.143250,164.599,False,1.704137,6.9e-05,0.0,0.0,2024-01-20 22:59:11.410798000,2024-01-20 17:59:11.410798000
2024-05-23 21:45:11.543200,164.999,True,1.06549,1.099643,1.138547,1.129321,2024-01-20 22:59:11.810748000,2024-01-20 17:59:11.810748000
2024-05-23 21:45:12.135100,165.599,False,2.099375,6.9e-05,0.0,0.0,2024-01-20 22:59:12.402648000,2024-01-20 17:59:12.402648000
2024-05-23 21:45:12.535025,165.999,True,1.065697,1.099712,1.138685,1.129321,2024-01-20 22:59:12.802573000,2024-01-20 17:59:12.802573000
2024-05-23 21:45:13.143050,166.599,False,2.312349,6.9e-05,0.0,0.0,2024-01-20 22:59:13.410598000,2024-01-20 17:59:13.410598000
2024-05-23 21:45:13.542900,166.999,True,1.065559,1.09985,1.138616,1.129321,2024-01-20 22:59:13.810448000,2024-01-20 17:59:13.810448000
2024-05-23 21:45:14.134850,167.599,False,2.538338,6.9e-05,0.0,0.0,2024-01-20 22:59:14.402398000,2024-01-20 17:59:14.402398000
2024-05-23 21:45:14.534775,167.999,True,1.065766,1.09985,1.138547,1.129321,2024-01-20 22:59:14.802323000,2024-01-20 17:59:14.802323000
2024-05-23 21:45:15.142725,168.599,False,2.820582,6.9e-05,0.0,0.0,2024-01-20 22:59:15.410273000,2024-01-20 17:59:15.410273000
2024-05-23 21:45:15.542550,168.999,True,1.06549,1.099781,1.13841,1.129458,2024-01-20 22:59:15.810098000,2024-01-20 17:59:15.810098000
2024-05-23 21:45:16.134525,169.599,False,3.102412,6.9e-05,0.0,0.0,2024-01-20 22:59:16.402073000,2024-01-20 17:59:16.402073000
2024-05-23 21:45:16.534400,169.999,True,1.065628,1.09985,1.138479,1.129252,2024-01-20 22:59:16.801948000,2024-01-20 17:59:16.801948000
2024-05-23 21:45:17.142275,170.599,False,0.184743,6.9e-05,0.0,0.0,2024-01-20 22:59:17.409823000,2024-01-20 17:59:17.409823000
2024-05-23 21:45:17.542200,170.999,True,1.065766,1.099781,1.138547,1.129183,2024-01-20 22:59:17.809748000,2024-01-20 17:59:17.809748000
2024-05-23 21:45:18.134200,171.599,False,0.285067,6.9e-05,0.0,0.0,2024-01-20 22:59:18.401748000,2024-01-20 17:59:18.401748000
2024-05-23 21:45:18.534125,171.999,True,1.065697,1.099712,1.138341,1.129458,2024-01-20 22:59:18.801673000,2024-01-20 17:59:18.801673000
2024-05-23 21:45:19.142050,172.599,False,0.748405,6.9e-05,0.0,0.0,2024-01-20 22:59:19.409598000,2024-01-20 17:59:19.409598000
2024-05-23 21:45:19.541900,172.999,True,1.065835,1.099712,1.138341,1.129389,2024-01-20 22:59:19.809448000,2024-01-20 17:59:19.809448000
2024-05-23 21:45:20.133875,173.599,False,1.029478,6.9e-05,0.0,0.0,2024-01-20 22:59:20.401423000,2024-01-20 17:59:20.401423000
2024-05-23 21:45:20.533700,173.999,True,1.06549,1.099643,1.138341,1.129321,2024-01-20 22:59:20.801248000,2024-01-20 17:59:20.801248000
2024-05-23 21:45:21.141650,174.599,False,1.203686,6.9e-05,0.0,0.0,2024-01-20 22:59:21.409198000,2024-01-20 17:59:21.409198000
2024-05-23 21:45:21.541525,174.999,True,1.06549,1.099643,1.138341,1.129183,2024-01-20 22:59:21.809073000,2024-01-20 17:59:21.809073000
2024-05-23 21:45:22.133450,175.599,False,1.505141,6.9e-05,0.0,0.0,2024-01-20 22:59:22.400998000,2024-01-20 17:59:22.400998000
2024-05-23 21:45:22.533375,175.999,True,1.06549,1.099988,1.138479,1.129527,2024-01-20 22:59:22.800923000,2024-01-20 17:59:22.800923000
2024-05-23 21:45:23.141325,176.599,False,1.704137,6.9e-05,0.0,0.0,2024-01-20 22:59:23.408873000,2024-01-20 17:59:23.408873000
2024-05-23 21:45:23.541275,176.999,True,1.065628,1.099712,1.13841,1.129458,2024-01-20 22:59:23.808823000,2024-01-20 17:59:23.808823000
2024-05-23 21:45:24.133125,177.599,False,2.099375,6.9e-05,0.0,0.0,2024-01-20 22:59:24.400673000,2024-01-20 17:59:24.400673000
2024-05-23 21:45:24.533050,177.999,True,1.06549,1.099712,1.138479,1.129458,2024-01-20 22:59:24.800598000,2024-01-20 17:59:24.800598000
2024-05-23 21:45:25.140975,178.599,False,2.312349,6.9e-05,0.0,0.0,2024-01-20 22:59:25.408523000,2024-01-20 17:59:25.408523000
2024-05-23 21:45:25.540950,178.999,True,1.065559,1.099781,1.13841,1.129321,2024-01-20 22:59:25.808498000,2024-01-20 17:59:25.808498000
2024-05-23 21:45:26.132875,179.599,False,2.538338,6.9e-05,0.0,0.0,2024-01-20 22:59:26.400423001,2024-01-20 17:59:26.400423001
2024-05-23 21:45:26.532750,179.999,True,1.065421,1.099643,1.138479,1.129389,2024-01-20 22:59:26.800298000,2024-01-20 17:59:26.800298000
2024-05-23 21:45:27.140650,180.599,False,2.820582,6.9e-05,0.0,0.0,2024-01-20 22:59:27.408198000,2024-01-20 17:59:27.408198000
2024-05-23 21:45:27.540650,180.999,True,1.065628,1.099781,1.138341,1.129252,2024-01-20 22:59:27.808198000,2024-01-20 17:59:27.808198000
2024-05-23 21:45:28.132575,181.599,False,3.102412,6.9e-05,0.0,0.0,2024-01-20 22:59:28.400123000,2024-01-20 17:59:28.400123000
2024-05-23 21:45:28.532500,181.999,True,1.065421,1.099712,1.13841,1.129114,2024-01-20 22:59:28.800048000,2024-01-20 17:59:28.800048000
2024-05-23 21:45:29.140275,182.599,False,0.184743,6.9e-05,0.0,0.0,2024-01-20 22:59:29.407823000,2024-01-20 17:59:29.407823000
2024-05-23 21:45:29.540275,182.999,True,1.065628,1.09985,1.138479,1.129527,2024-01-20 22:59:29.807823000,2024-01-20 17:59:29.807823000
2024-05-23 21:45:30.132100,183.599,False,0.285067,6.9e-05,0.0,0.0,2024-01-20 22:59:30.399648000,2024-01-20 17:59:30.399648000
2024-05-23 21:45:30.532025,183.999,True,1.065421,1.099781,1.138479,1.129321,2024-01-20 22:59:30.799573000,2024-01-20 17:59:30.799573000
2024-05-23 21:45:31.140025,184.599,False,0.748336,6.9e-05,0.0,0.0,2024-01-20 22:59:31.407573000,2024-01-20 17:59:31.407573000
2024-05-23 21:45:31.540050,184.999,True,1.065353,1.099574,1.13841,1.129114,2024-01-20 22:59:31.807598000,2024-01-20 17:59:31.807598000
2024-05-23 21:45:32.131800,185.599,False,1.029547,6.9e-05,0.0,0.0,2024-01-20 22:59:32.399348000,2024-01-20 17:59:32.399348000
2024-05-23 21:45:32.531575,185.999,True,1.06549,1.099643,1.13841,1.129389,2024-01-20 22:59:32.799123000,2024-01-20 17:59:32.799123000
2024-05-23 21:45:33.139650,186.599,False,1.20403,6.9e-05,0.0,0.0,2024-01-20 22:59:33.407198000,2024-01-20 17:59:33.407198000
2024-05-23 21:45:33.539575,186.999,True,1.065421,1.09985,1.138134,1.129389,2024-01-20 22:59:33.807123000,2024-01-20 17:59:33.807123000
2024-05-23 21:45:34.131325,187.599,False,1.505141,6.9e-05,0.0,0.0,2024-01-20 22:59:34.398873000,2024-01-20 17:59:34.398873000
2024-05-23 21:45:34.547475,187.999,True,1.06549,1.099506,1.13841,1.129252,2024-01-20 22:59:34.815023000,2024-01-20 17:59:34.815023000
2024-05-23 21:45:35.139200,188.599,False,1.704137,6.9e-05,0.0,0.0,2024-01-20 22:59:35.406748000,2024-01-20 17:59:35.406748000
2024-05-23 21:45:35.539250,188.999,True,1.065559,1.099506,1.138272,1.129252,2024-01-20 22:59:35.806798000,2024-01-20 17:59:35.806798000
2024-05-23 21:45:36.147300,189.599,False,2.099375,6.9e-05,0.0,0.0,2024-01-20 22:59:36.414848000,2024-01-20 17:59:36.414848000
2024-05-23 21:45:36.547175,189.999,True,1.065559,1.099712,1.13841,1.129114,2024-01-20 22:59:36.814723000,2024-01-20 17:59:36.814723000
2024-05-23 21:45:37.138975,190.599,False,2.312212,6.9e-05,0.0,0.0,2024-01-20 22:59:37.406523000,2024-01-20 17:59:37.406523000
2024-05-23 21:45:37.538925,190.999,True,1.065284,1.099643,1.13841,1.129321,2024-01-20 22:59:37.806473000,2024-01-20 17:59:37.806473000
2024-05-23 21:45:38.146825,191.599,False,2.538338,6.9e-05,0.0,0.0,2024-01-20 22:59:38.414373000,2024-01-20 17:59:38.414373000
2024-05-23 21:45:38.546750,191.999,True,1.065421,1.099781,1.138341,1.129183,2024-01-20 22:59:38.814298000,2024-01-20 17:59:38.814298000
2024-05-23 21:45:39.138650,192.599,False,2.820582,6.9e-05,0.0,0.0,2024-01-20 22:59:39.406198000,2024-01-20 17:59:39.406198000
2024-05-23 21:45:39.538600,192.999,True,1.065628,1.099643,1.138272,1.129389,2024-01-20 22:59:39.806148000,2024-01-20 17:59:39.806148000
2024-05-23 21:45:40.146575,193.599,False,3.102412,6.9e-05,0.0,0.0,2024-01-20 22:59:40.414123000,2024-01-20 17:59:40.414123000
2024-05-23 21:45:40.546475,193.999,True,1.065353,1.099712,1.138341,1.129114,2024-01-20 22:59:40.814023000,2024-01-20 17:59:40.814023000
2024-05-23 21:45:41.138425,194.599,False,0.184743,6.9e-05,0.0,0.0,2024-01-20 22:59:41.405973000,2024-01-20 17:59:41.405973000
2024-05-23 21:45:41.538350,194.999,True,1.065215,1.099712,1.138341,1.129183,2024-01-20 22:59:41.805898000,2024-01-20 17:59:41.805898000
2024-05-23 21:45:42.146200,195.599,False,0.285067,6.9e-05,0.0,0.0,2024-01-20 22:59:42.413748000,2024-01-20 17:59:42.413748000
2024-05-23 21:45:42.546100,195.999,True,1.065284,1.099712,1.138272,1.129321,2024-01-20 22:59:42.813648000,2024-01-20 17:59:42.813648000
2024-05-23 21:45:43.138100,196.599,False,0.748405,6.9e-05,0.0,0.0,2024-01-20 22:59:43.405648000,2024-01-20 17:59:43.405648000
2024-05-23 21:45:43.538025,196.999,True,1.065421,1.099437,1.138272,1.129321,2024-01-20 22:59:43.805573000,2024-01-20 17:59:43.805573000
2024-05-23 21:45:44.145950,197.599,False,1.029547,6.9e-05,0.0,0.0,2024-01-20 22:59:44.413498000,2024-01-20 17:59:44.413498000
2024-05-23 21:45:44.545875,197.999,True,1.06549,1.099781,1.138479,1.129458,2024-01-20 22:59:44.813423000,2024-01-20 17:59:44.813423000
2024-05-23 21:45:45.137575,198.599,False,1.20403,6.9e-05,0.0,0.0,2024-01-20 22:59:45.405123000,2024-01-20 17:59:45.405123000
2024-05-23 21:45:45.537550,198.999,True,1.065559,1.099643,1.138547,1.129183,2024-01-20 22:59:45.805098000,2024-01-20 17:59:45.805098000
2024-05-23 21:45:46.145575,199.599,False,1.505141,6.9e-05,0.0,0.0,2024-01-20 22:59:46.413123000,2024-01-20 17:59:46.413123000
2024-05-23 21:45:46.545450,199.999,True,1.065421,1.099712,1.13841,1.129183,2024-01-20 22:59:46.812998000,2024-01-20 17:59:46.812998000
2024-05-23 21:45:47.137475,200.599,False,1.704137,6.9e-05,0.0,0.0,2024-01-20 22:59:47.405023000,2024-01-20 17:59:47.405023000
2024-05-23 21:45:47.537300,200.999,True,1.065421,1.099574,1.138203,1.129252,2024-01-20 22:59:47.804848000,2024-01-20 17:59:47.804848000
2024-05-23 21:45:48.145275,201.599,False,2.099375,6.9e-05,0.0,0.0,2024-01-20 22:59:48.412823000,2024-01-20 17:59:48.412823000
2024-05-23 21:45:48.545100,201.999,True,1.065421,1.099643,1.138479,1.129183,2024-01-20 22:59:48.812648000,2024-01-20 17:59:48.812648000
2024-05-23 21:45:49.137000,202.599,False,2.312418,6.9e-05,0.0,0.0,2024-01-20 22:59:49.404548000,2024-01-20 17:59:49.404548000
2024-05-23 21:45:49.536775,202.999,True,1.06549,1.099574,1.138272,1.129045,2024-01-20 22:59:49.804323000,2024-01-20 17:59:49.804323000
2024-05-23 21:45:50.144625,203.599,False,2.538338,6.9e-05,0.0,0.0,2024-01-20 22:59:50.412173000,2024-01-20 17:59:50.412173000
2024-05-23 21:45:50.544600,203.999,True,1.065421,1.099712,1.138341,1.129252,2024-01-20 22:59:50.812148000,2024-01-20 17:59:50.812148000
2024-05-23 21:45:51.136525,204.599,False,2.820582,6.9e-05,0.0,0.0,2024-01-20 22:59:51.404073000,2024-01-20 17:59:51.404073000
2024-05-23 21:45:51.536725,204.999,True,1.06549,1.099643,1.138341,1.129114,2024-01-20 22:59:51.804273000,2024-01-20 17:59:51.804273000
2024-05-23 21:45:52.144525,205.599,False,3.102412,6.9e-05,0.0,0.0,2024-01-20 22:59:52.412073000,2024-01-20 17:59:52.412073000
2024-05-23 21:45:52.544575,205.999,True,1.065353,1.099712,1.138547,1.128976,2024-01-20 22:59:52.812123000,2024-01-20 17:59:52.812123000
2024-05-23 21:45:53.136475,206.599,False,0.184743,6.9e-05,0.0,0.0,2024-01-20 22:59:53.404023000,2024-01-20 17:59:53.404023000
2024-05-23 21:45:53.536400,206.999,True,1.065559,1.09985,1.138272,1.129045,2024-01-20 22:59:53.803948000,2024-01-20 17:59:53.803948000
2024-05-23 21:45:54.144325,207.599,False,0.285136,6.9e-05,0.0,0.0,2024-01-20 22:59:54.411873000,2024-01-20 17:59:54.411873000
2024-05-23 21:45:54.544250,207.999,True,1.065353,1.099781,1.13841,1.129321,2024-01-20 22:59:54.811798000,2024-01-20 17:59:54.811798000
2024-05-23 21:45:55.136050,208.599,False,0.748405,6.9e-05,0.0,0.0,2024-01-20 22:59:55.403598000,2024-01-20 17:59:55.403598000
2024-05-23 21:45:55.535975,208.999,True,1.065628,1.099781,1.138134,1.129252,2024-01-20 22:59:55.803523000,2024-01-20 17:59:55.803523000
2024-05-23 21:45:56.143875,209.599,False,1.029547,6.9e-05,0.0,0.0,2024-01-20 22:59:56.411423000,2024-01-20 17:59:56.411423000
2024-05-23 21:45:56.543825,209.999,True,1.065353,1.099712,1.138203,1.129252,2024-01-20 22:59:56.811373000,2024-01-20 17:59:56.811373000
2024-05-23 21:45:57.135825,210.599,False,1.203755,6.9e-05,0.0,0.0,2024-01-20 22:59:57.403373000,2024-01-20 17:59:57.403373000
2024-05-23 21:45:57.535700,210.999,True,1.065284,1.099712,1.138272,1.129252,2024-01-20 22:59:57.803248000,2024-01-20 17:59:57.803248000
2024-05-23 21:45:58.143550,211.599,False,1.50521,6.9e-05,0.0,0.0,2024-01-20 22:59:58.411098000,2024-01-20 17:59:58.411098000
2024-05-23 21:45:58.543525,211.999,True,1.06549,1.099643,1.138341,1.129183,2024-01-20 22:59:58.811073000,2024-01-20 17:59:58.811073000
2024-05-23 21:45:59.135375,212.599,False,1.704137,6.9e-05,0.0,0.0,2024-01-20 22:59:59.402923000,2024-01-20 17:59:59.402923000
2024-05-23 21:45:59.535425,212.999,True,1.065353,1.099574,1.138479,1.129114,2024-01-20 22:59:59.802973000,2024-01-20 17:59:59.802973000
2024-05-23 21:46:00.143325,213.599,False,2.099375,6.9e-05,0.0,0.0,2024-01-20 23:00:00.410873000,2024-01-20 18:00:00.410873000
2024-05-23 21:46:00.543200,213.999,True,1.065284,1.099643,1.13841,1.129114,2024-01-20 23:00:00.810748000,2024-01-20 18:00:00.810748000
2024-05-23 21:46:01.135125,214.599,False,2.312143,6.9e-05,0.0,0.0,2024-01-20 23:00:01.402673000,2024-01-20 18:00:01.402673000
2024-05-23 21:46:01.535050,214.999,True,1.065353,1.099712,1.138341,1.129389,2024-01-20 23:00:01.802598000,2024-01-20 18:00:01.802598000
2024-05-23 21:46:02.142975,215.599,False,2.538338,6.9e-05,0.0,0.0,2024-01-20 23:00:02.410523000,2024-01-20 18:00:02.410523000
2024-05-23 21:46:02.542925,215.999,True,1.06549,1.099574,1.13841,1.129252,2024-01-20 23:00:02.810473000,2024-01-20 18:00:02.810473000
2024-05-23 21:46:03.134825,216.599,False,2.820582,6.9e-05,0.0,0.0,2024-01-20 23:00:03.402373000,2024-01-20 18:00:03.402373000
2024-05-23 21:46:03.534675,216.999,True,1.06549,1.099643,1.138134,1.129114,2024-01-20 23:00:03.802223000,2024-01-20 18:00:03.802223000
2024-05-23 21:46:04.142550,217.599,False,3.102412,6.9e-05,0.0,0.0,2024-01-20 23:00:04.410098000,2024-01-20 18:00:04.410098000
2024-05-23 21:46:04.542600,217.999,True,1.065284,1.099781,1.138341,1.129183,2024-01-20 23:00:04.810148000,2024-01-20 18:00:04.810148000
2024-05-23 21:46:05.134450,218.599,False,0.184674,6.9e-05,0.0,0.0,2024-01-20 23:00:05.401998000,2024-01-20 18:00:05.401998000
2024-05-23 21:46:05.534400,218.999,True,1.065421,1.099574,1.138341,1.129183,2024-01-20 23:00:05.801948000,2024-01-20 18:00:05.801948000
2024-05-23 21:46:06.142275,219.599,False,0.285136,6.9e-05,0.0,0.0,2024-01-20 23:00:06.409823000,2024-01-20 18:00:06.409823000
2024-05-23 21:46:06.542225,219.999,True,1.065353,1.09985,1.138203,1.128907,2024-01-20 23:00:06.809773000,2024-01-20 18:00:06.809773000
2024-05-23 21:46:07.134075,220.599,False,0.748405,6.9e-05,0.0,0.0,2024-01-20 23:00:07.401623000,2024-01-20 18:00:07.401623000
2024-05-23 21:46:07.534075,220.999,True,1.06549,1.099643,1.138341,1.129183,2024-01-20 23:00:07.801623000,2024-01-20 18:00:07.801623000
2024-05-23 21:46:08.141950,221.599,False,1.029547,6.9e-05,0.0,0.0,2024-01-20 23:00:08.409498000,2024-01-20 18:00:08.409498000
2024-05-23 21:46:08.541875,221.999,True,1.065284,1.099643,1.13841,1.129252,2024-01-20 23:00:08.809423000,2024-01-20 18:00:08.809423000
2024-05-23 21:46:09.133825,222.599,False,1.203892,6.9e-05,0.0,0.0,2024-01-20 23:00:09.401373000,2024-01-20 18:00:09.401373000
2024-05-23 21:46:09.533775,222.999,True,1.06549,1.099712,1.138272,1.129183,2024-01-20 23:00:09.801323000,2024-01-20 18:00:09.801323000
2024-05-23 21:46:10.141650,223.599,False,1.50521,6.9e-05,0.0,0.0,2024-01-20 23:00:10.409198000,2024-01-20 18:00:10.409198000
2024-05-23 21:46:10.541600,223.999,True,1.065353,1.099781,1.13841,1.129252,2024-01-20 23:00:10.809148000,2024-01-20 18:00:10.809148000
2024-05-23 21:46:11.133525,224.599,False,1.704137,6.9e-05,0.0,0.0,2024-01-20 23:00:11.401073000,2024-01-20 18:00:11.401073000
2024-05-23 21:46:11.533400,224.999,True,1.065284,1.099712,1.138341,1.129183,2024-01-20 23:00:11.800948000,2024-01-20 18:00:11.800948000
2024-05-23 21:46:12.141375,225.599,False,2.099375,6.9e-05,0.0,0.0,2024-01-20 23:00:12.408923000,2024-01-20 18:00:12.408923000
2024-05-23 21:46:12.237250,225.699,False,4.377572,0.0,0.0,0.0,2024-01-20 23:00:12.504798000,2024-01-20 18:00:12.504798000
2024-05-23 21:46:12.541200,225.999,True,1.065421,1.099643,1.138134,1.129321,2024-01-20 23:00:12.808748000,2024-01-20 18:00:12.808748000
2024-05-23 21:46:13.245125,226.699,False,2.312281,6.9e-05,0.0,0.0,2024-01-20 23:00:13.512673000,2024-01-20 18:00:13.512673000
2024-05-23 21:46:13.532925,226.999,True,1.065353,1.09985,1.13841,1.128907,2024-01-20 23:00:13.800473000,2024-01-20 18:00:13.800473000
2024-05-23 21:46:14.236950,227.699,False,2.538338,6.9e-05,0.0,0.0,2024-01-20 23:00:14.504498000,2024-01-20 18:00:14.504498000
2024-05-23 21:46:14.540900,227.999,True,1.065215,1.099574,1.138134,1.129183,2024-01-20 23:00:14.808448000,2024-01-20 18:00:14.808448000
2024-05-23 21:46:15.244750,228.699,False,2.82065,6.9e-05,0.0,0.0,2024-01-20 23:00:15.512298000,2024-01-20 18:00:15.512298000
2024-05-23 21:46:15.532675,228.999,True,1.065215,1.099574,1.138272,1.129183,2024-01-20 23:00:15.800223000,2024-01-20 18:00:15.800223000
2024-05-23 21:46:16.236600,229.699,False,3.102412,6.9e-05,0.0,0.0,2024-01-20 23:00:16.504148000,2024-01-20 18:00:16.504148000
2024-05-23 21:46:16.540625,229.999,True,1.065353,1.099574,1.138134,1.129183,2024-01-20 23:00:16.808173000,2024-01-20 18:00:16.808173000
2024-05-23 21:46:17.244400,230.699,False,0.184743,6.9e-05,0.0,0.0,2024-01-20 23:00:17.511948000,2024-01-20 18:00:17.511948000
2024-05-23 21:46:17.532400,230.999,True,1.06549,1.099506,1.138134,1.129183,2024-01-20 23:00:17.799948000,2024-01-20 18:00:17.799948000
2024-05-23 21:46:18.236350,231.699,False,0.285136,6.9e-05,0.0,0.0,2024-01-20 23:00:18.503898000,2024-01-20 18:00:18.503898000
2024-05-23 21:46:18.540275,231.999,True,1.065353,1.099643,1.138134,1.128976,2024-01-20 23:00:18.807823000,2024-01-20 18:00:18.807823000
2024-05-23 21:46:19.244200,232.699,False,0.748405,6.9e-05,0.0,0.0,2024-01-20 23:00:19.511748000,2024-01-20 18:00:19.511748000
2024-05-23 21:46:19.531975,232.999,True,1.065353,1.099506,1.138203,1.129114,2024-01-20 23:00:19.799523000,2024-01-20 18:00:19.799523000
2024-05-23 21:46:20.235925,233.699,False,1.029616,6.9e-05,0.0,0.0,2024-01-20 23:00:20.503473000,2024-01-20 18:00:20.503473000
2024-05-23 21:46:20.539875,233.999,True,1.065284,1.099506,1.138203,1.129183,2024-01-20 23:00:20.807423000,2024-01-20 18:00:20.807423000
2024-05-23 21:46:21.243800,234.699,False,1.203617,6.9e-05,0.0,0.0,2024-01-20 23:00:21.511348000,2024-01-20 18:00:21.511348000
2024-05-23 21:46:21.547550,234.999,True,1.065284,1.099643,1.13841,1.129321,2024-01-20 23:00:21.815098000,2024-01-20 18:00:21.815098000
2024-05-23 21:46:22.235575,235.699,False,1.520221,6.9e-05,0.0,0.0,2024-01-20 23:00:22.503123000,2024-01-20 18:00:22.503123000
2024-05-23 21:46:22.539575,235.999,True,1.065284,1.099712,1.137928,1.129045,2024-01-20 23:00:22.807123000,2024-01-20 18:00:22.807123000
2024-05-23 21:46:23.243500,236.699,False,1.704137,6.9e-05,0.0,0.0,2024-01-20 23:00:23.511048000,2024-01-20 18:00:23.511048000
2024-05-23 21:46:23.547425,236.999,True,1.065353,1.099506,1.138272,1.129183,2024-01-20 23:00:23.814973000,2024-01-20 18:00:23.814973000
2024-05-23 21:46:24.235375,237.699,False,2.120308,6.9e-05,0.0,0.0,2024-01-20 23:00:24.502923000,2024-01-20 18:00:24.502923000
2024-05-23 21:46:24.539250,237.999,True,1.065421,1.099506,1.138272,1.129252,2024-01-20 23:00:24.806798000,2024-01-20 18:00:24.806798000
2024-05-23 21:46:25.243175,238.699,False,2.31352,6.9e-05,0.0,0.0,2024-01-20 23:00:25.510723000,2024-01-20 18:00:25.510723000
2024-05-23 21:46:25.547075,238.999,True,1.065421,1.099712,1.138134,1.129183,2024-01-20 23:00:25.814623000,2024-01-20 18:00:25.814623000
2024-05-23 21:46:26.234950,239.699,False,2.538338,6.9e-05,0.0,0.0,2024-01-20 23:00:26.502498000,2024-01-20 18:00:26.502498000
2024-05-23 21:46:26.538875,239.999,True,1.065353,1.099643,1.13841,1.129114,2024-01-20 23:00:26.806423000,2024-01-20 18:00:26.806423000
2024-05-23 21:46:27.242800,240.699,False,2.82065,6.9e-05,0.0,0.0,2024-01-20 23:00:27.510348000,2024-01-20 18:00:27.510348000
2024-05-23 21:46:27.546775,240.999,True,1.065215,1.099643,1.138272,1.128976,2024-01-20 23:00:27.814323000,2024-01-20 18:00:27.814323000
2024-05-23 21:46:28.234500,241.699,False,3.102412,6.9e-05,0.0,0.0,2024-01-20 23:00:28.502048000,2024-01-20 18:00:28.502048000
2024-05-23 21:46:28.538425,241.999,True,1.06549,1.099712,1.138134,1.129389,2024-01-20 23:00:28.805973000,2024-01-20 18:00:28.805973000
2024-05-23 21:46:29.242500,242.699,False,0.184743,6.9e-05,0.0,0.0,2024-01-20 23:00:29.510048000,2024-01-20 18:00:29.510048000
2024-05-23 21:46:29.546450,242.999,True,1.065284,1.099368,1.138272,1.129114,2024-01-20 23:00:29.813998000,2024-01-20 18:00:29.813998000
2024-05-23 21:46:30.234350,243.699,False,0.285136,6.9e-05,0.0,0.0,2024-01-20 23:00:30.501898000,2024-01-20 18:00:30.501898000
2024-05-23 21:46:30.538300,243.999,True,1.065353,1.099574,1.138203,1.129114,2024-01-20 23:00:30.805848000,2024-01-20 18:00:30.805848000
2024-05-23 21:46:31.242150,244.699,False,0.748405,6.9e-05,0.0,0.0,2024-01-20 23:00:31.509698000,2024-01-20 18:00:31.509698000
2024-05-23 21:46:31.546100,244.999,True,1.065353,1.099506,1.138065,1.129183,2024-01-20 23:00:31.813648000,2024-01-20 18:00:31.813648000
2024-05-23 21:46:32.233975,245.699,False,1.029616,6.9e-05,6.9e-05,0.0,2024-01-20 23:00:32.501523000,2024-01-20 18:00:32.501523000
2024-05-23 21:46:32.537975,245.999,True,1.065215,1.099506,1.138134,1.129183,2024-01-20 23:00:32.805523000,2024-01-20 18:00:32.805523000
2024-05-23 21:46:33.241800,246.699,False,1.203892,6.9e-05,0.0,0.0,2024-01-20 23:00:33.509348000,2024-01-20 18:00:33.509348000
2024-05-23 21:46:33.545775,246.999,True,1.065284,1.099368,1.138134,1.129045,2024-01-20 23:00:33.813323000,2024-01-20 18:00:33.813323000
2024-05-23 21:46:34.233675,247.699,False,1.52029,6.9e-05,0.0,0.0,2024-01-20 23:00:34.501223000,2024-01-20 18:00:34.501223000
2024-05-23 21:46:34.537550,247.999,True,1.065215,1.099506,1.138134,1.128976,2024-01-20 23:00:34.805098000,2024-01-20 18:00:34.805098000
2024-05-23 21:46:35.241325,248.699,False,1.704137,6.9e-05,0.0,0.0,2024-01-20 23:00:35.508873000,2024-01-20 18:00:35.508873000
2024-05-23 21:46:35.545475,248.999,True,1.065284,1.099506,1.137859,1.129045,2024-01-20 23:00:35.813023000,2024-01-20 18:00:35.813023000
2024-05-23 21:46:36.233450,249.699,False,2.120308,6.9e-05,0.0,0.0,2024-01-20 23:00:36.500998000,2024-01-20 18:00:36.500998000
2024-05-23 21:46:36.537250,249.999,True,1.065215,1.099506,1.138272,1.129252,2024-01-20 23:00:36.804798000,2024-01-20 18:00:36.804798000
2024-05-23 21:46:37.241225,250.699,False,2.313589,6.9e-05,0.0,0.0,2024-01-20 23:00:37.508773000,2024-01-20 18:00:37.508773000
2024-05-23 21:46:37.545175,250.999,True,1.065146,1.099437,1.138134,1.129183,2024-01-20 23:00:37.812723000,2024-01-20 18:00:37.812723000
2024-05-23 21:46:38.233000,251.699,False,2.538338,6.9e-05,0.0,0.0,2024-01-20 23:00:38.500548000,2024-01-20 18:00:38.500548000
2024-05-23 21:46:38.536775,251.999,True,1.065146,1.099161,1.138134,1.129114,2024-01-20 23:00:38.804323000,2024-01-20 18:00:38.804323000
2024-05-23 21:46:39.240825,252.699,False,2.82065,6.9e-05,0.0,0.0,2024-01-20 23:00:39.508373000,2024-01-20 18:00:39.508373000
2024-05-23 21:46:39.544850,252.999,True,1.065284,1.099574,1.138203,1.129252,2024-01-20 23:00:39.812398000,2024-01-20 18:00:39.812398000
2024-05-23 21:46:40.232625,253.699,False,3.102412,6.9e-05,0.0,0.0,2024-01-20 23:00:40.500173000,2024-01-20 18:00:40.500173000
2024-05-23 21:46:40.536600,253.999,True,1.065284,1.099437,1.138065,1.128907,2024-01-20 23:00:40.804148000,2024-01-20 18:00:40.804148000
2024-05-23 21:46:41.240575,254.699,False,0.184743,6.9e-05,0.0,0.0,2024-01-20 23:00:41.508123000,2024-01-20 18:00:41.508123000
2024-05-23 21:46:41.544500,254.999,True,1.065077,1.099437,1.138065,1.129114,2024-01-20 23:00:41.812048000,2024-01-20 18:00:41.812048000
2024-05-23 21:46:42.232325,255.699,False,0.285067,6.9e-05,0.0,0.0,2024-01-20 23:00:42.499873000,2024-01-20 18:00:42.499873000
2024-05-23 21:46:42.536325,255.999,True,1.065421,1.099574,1.138341,1.129114,2024-01-20 23:00:42.803873000,2024-01-20 18:00:42.803873000
2024-05-23 21:46:43.240125,256.699,False,0.748405,6.9e-05,0.0,0.0,2024-01-20 23:00:43.507673000,2024-01-20 18:00:43.507673000
2024-05-23 21:46:43.544150,256.999,True,1.065146,1.099574,1.138272,1.129183,2024-01-20 23:00:43.811698000,2024-01-20 18:00:43.811698000
2024-05-23 21:46:44.232075,257.699,False,1.029616,6.9e-05,0.0,0.0,2024-01-20 23:00:44.499623000,2024-01-20 18:00:44.499623000
2024-05-23 21:46:44.536000,257.999,True,1.065353,1.099506,1.138272,1.128976,2024-01-20 23:00:44.803548000,2024-01-20 18:00:44.803548000
2024-05-23 21:46:45.239900,258.699,False,1.203892,6.9e-05,0.0,0.0,2024-01-20 23:00:45.507448000,2024-01-20 18:00:45.507448000
2024-05-23 21:46:45.543850,258.999,True,1.065215,1.099506,1.138203,1.129183,2024-01-20 23:00:45.811398000,2024-01-20 18:00:45.811398000
2024-05-23 21:46:46.231675,259.699,False,1.520358,6.9e-05,0.0,0.0,2024-01-20 23:00:46.499223000,2024-01-20 18:00:46.499223000
2024-05-23 21:46:46.535400,259.999,True,1.065146,1.099506,1.138272,1.129045,2024-01-20 23:00:46.802948000,2024-01-20 18:00:46.802948000
2024-05-23 21:46:47.239300,260.699,False,1.704137,6.9e-05,0.0,0.0,2024-01-20 23:00:47.506848000,2024-01-20 18:00:47.506848000
2024-05-23 21:46:47.543250,260.999,True,1.065284,1.099574,1.138065,1.128976,2024-01-20 23:00:47.810798000,2024-01-20 18:00:47.810798000
2024-05-23 21:46:48.231075,261.699,False,2.120308,6.9e-05,0.0,0.0,2024-01-20 23:00:48.498623000,2024-01-20 18:00:48.498623000
2024-05-23 21:46:48.535050,261.999,True,1.065146,1.099506,1.138065,1.129114,2024-01-20 23:00:48.802598000,2024-01-20 18:00:48.802598000
2024-05-23 21:46:49.238950,262.699,False,2.31352,6.9e-05,0.0,0.0,2024-01-20 23:00:49.506498000,2024-01-20 18:00:49.506498000
2024-05-23 21:46:49.542900,262.999,True,1.065077,1.099437,1.138134,1.129045,2024-01-20 23:00:49.810448000,2024-01-20 18:00:49.810448000
2024-05-23 21:46:50.246775,263.699,False,2.538338,6.9e-05,0.0,0.0,2024-01-20 23:00:50.514323000,2024-01-20 18:00:50.514323000
2024-05-23 21:46:50.534725,263.999,True,1.065284,1.099506,1.138272,1.129045,2024-01-20 23:00:50.802273000,2024-01-20 18:00:50.802273000
2024-05-23 21:46:51.238625,264.699,False,2.82065,6.9e-05,6.9e-05,0.0,2024-01-20 23:00:51.506173000,2024-01-20 18:00:51.506173000
2024-05-23 21:46:51.542575,264.999,True,1.065284,1.099299,1.138272,1.129114,2024-01-20 23:00:51.810123000,2024-01-20 18:00:51.810123000
2024-05-23 21:46:52.246475,265.699,False,3.102412,6.9e-05,0.0,0.0,2024-01-20 23:00:52.514023000,2024-01-20 18:00:52.514023000
2024-05-23 21:46:52.534375,265.999,True,1.065215,1.099643,1.138065,1.128976,2024-01-20 23:00:52.801923000,2024-01-20 18:00:52.801923000
2024-05-23 21:46:53.238275,266.699,False,0.184743,6.9e-05,0.0,0.0,2024-01-20 23:00:53.505823000,2024-01-20 18:00:53.505823000
2024-05-23 21:46:53.542225,266.999,True,1.065077,1.099574,1.138065,1.128839,2024-01-20 23:00:53.809773000,2024-01-20 18:00:53.809773000
2024-05-23 21:46:54.246100,267.699,False,0.285136,6.9e-05,0.0,0.0,2024-01-20 23:00:54.513648000,2024-01-20 18:00:54.513648000
2024-05-23 21:46:54.534025,267.999,True,1.065353,1.099506,1.138272,1.129114,2024-01-20 23:00:54.801573000,2024-01-20 18:00:54.801573000
2024-05-23 21:46:55.237950,268.699,False,0.748405,6.9e-05,0.0,0.0,2024-01-20 23:00:55.505498000,2024-01-20 18:00:55.505498000
2024-05-23 21:46:55.541875,268.999,True,1.065215,1.099299,1.138065,1.129114,2024-01-20 23:00:55.809423000,2024-01-20 18:00:55.809423000
2024-05-23 21:46:56.245775,269.699,False,1.029685,6.9e-05,0.0,0.0,2024-01-20 23:00:56.513323000,2024-01-20 18:00:56.513323000
2024-05-23 21:46:56.533700,269.999,True,1.065284,1.099437,1.138203,1.129045,2024-01-20 23:00:56.801248000,2024-01-20 18:00:56.801248000
2024-05-23 21:46:57.237725,270.699,False,1.204099,6.9e-05,0.0,0.0,2024-01-20 23:00:57.505273000,2024-01-20 18:00:57.505273000
2024-05-23 21:46:57.541550,270.999,True,1.065284,1.099368,1.137997,1.129114,2024-01-20 23:00:57.809098000,2024-01-20 18:00:57.809098000
2024-05-23 21:46:58.245700,271.699,False,1.52029,6.9e-05,0.0,0.0,2024-01-20 23:00:58.513248000,2024-01-20 18:00:58.513248000
2024-05-23 21:46:58.533600,271.999,True,1.065284,1.099574,1.138134,1.129045,2024-01-20 23:00:58.801148000,2024-01-20 18:00:58.801148000
2024-05-23 21:46:59.237375,272.699,False,1.704137,6.9e-05,0.0,0.0,2024-01-20 23:00:59.504923000,2024-01-20 18:00:59.504923000
2024-05-23 21:46:59.541500,272.999,True,1.065215,1.099368,1.137928,1.129045,2024-01-20 23:00:59.809048000,2024-01-20 18:00:59.809048000
2024-05-23 21:47:00.245450,273.699,False,2.120308,6.9e-05,0.0,0.0,2024-01-20 23:01:00.512998000,2024-01-20 18:01:00.512998000
2024-05-23 21:47:00.533375,273.999,True,1.065146,1.099712,1.138065,1.128976,2024-01-20 23:01:00.800923000,2024-01-20 18:01:00.800923000
2024-05-23 21:47:01.237175,274.699,False,2.313451,6.9e-05,0.0,0.0,2024-01-20 23:01:01.504723000,2024-01-20 18:01:01.504723000
2024-05-23 21:47:01.541125,274.999,True,1.065284,1.099299,1.138134,1.128976,2024-01-20 23:01:01.808673000,2024-01-20 18:01:01.808673000
2024-05-23 21:47:02.245025,275.699,False,2.538338,6.9e-05,0.0,0.0,2024-01-20 23:01:02.512573000,2024-01-20 18:01:02.512573000
2024-05-23 21:47:02.533000,275.999,True,1.065421,1.099299,1.137928,1.128907,2024-01-20 23:01:02.800548000,2024-01-20 18:01:02.800548000
2024-05-23 21:47:03.237000,276.699,False,2.82065,6.9e-05,0.0,0.0,2024-01-20 23:01:03.504548000,2024-01-20 18:01:03.504548000
2024-05-23 21:47:03.540850,276.999,True,1.065284,1.099506,1.138134,1.129114,2024-01-20 23:01:03.808398000,2024-01-20 18:01:03.808398000
2024-05-23 21:47:04.244800,277.699,False,3.102412,6.9e-05,0.0,0.0,2024-01-20 23:01:04.512348000,2024-01-20 18:01:04.512348000
2024-05-23 21:47:04.532575,277.999,True,1.065284,1.099437,1.138203,1.129045,2024-01-20 23:01:04.800123000,2024-01-20 18:01:04.800123000
2024-05-23 21:47:05.236325,278.699,False,0.184743,6.9e-05,0.0,0.0,2024-01-20 23:01:05.503873000,2024-01-20 18:01:05.503873000
2024-05-23 21:47:05.540250,278.999,True,1.065215,1.09923,1.137997,1.129114,2024-01-20 23:01:05.807798000,2024-01-20 18:01:05.807798000
2024-05-23 21:47:06.244175,279.699,False,0.285067,6.9e-05,0.0,0.0,2024-01-20 23:01:06.511723000,2024-01-20 18:01:06.511723000
2024-05-23 21:47:06.532150,279.999,True,1.065215,1.099368,1.137997,1.128907,2024-01-20 23:01:06.799698000,2024-01-20 18:01:06.799698000
2024-05-23 21:47:07.236000,280.699,False,0.748405,6.9e-05,0.0,0.0,2024-01-20 23:01:07.503548000,2024-01-20 18:01:07.503548000
2024-05-23 21:47:07.539950,280.999,True,1.065215,1.099574,1.137997,1.128976,2024-01-20 23:01:07.807498000,2024-01-20 18:01:07.807498000
2024-05-23 21:47:08.243850,281.699,False,1.029685,6.9e-05,6.9e-05,0.0,2024-01-20 23:01:08.511398000,2024-01-20 18:01:08.511398000
2024-05-23 21:47:08.531750,281.999,True,1.065215,1.099437,1.137859,1.129114,2024-01-20 23:01:08.799298000,2024-01-20 18:01:08.799298000
2024-05-23 21:47:09.235675,282.699,False,1.204306,6.9e-05,6.9e-05,0.0,2024-01-20 23:01:09.503223000,2024-01-20 18:01:09.503223000
2024-05-23 21:47:09.539600,282.999,True,1.065146,1.099299,1.137928,1.129114,2024-01-20 23:01:09.807148000,2024-01-20 18:01:09.807148000
2024-05-23 21:47:10.243475,283.699,False,1.520221,6.9e-05,0.0,0.0,2024-01-20 23:01:10.511023000,2024-01-20 18:01:10.511023000
2024-05-23 21:47:10.547475,283.999,True,1.065284,1.099437,1.137997,1.128976,2024-01-20 23:01:10.815023000,2024-01-20 18:01:10.815023000
2024-05-23 21:47:11.235350,284.699,False,1.704206,6.9e-05,0.0,0.0,2024-01-20 23:01:11.502898000,2024-01-20 18:01:11.502898000
2024-05-23 21:47:11.539500,284.999,True,1.065215,1.099368,1.138203,1.128907,2024-01-20 23:01:11.807048000,2024-01-20 18:01:11.807048000
2024-05-23 21:47:12.243500,285.699,False,2.120308,6.9e-05,0.0,0.0,2024-01-20 23:01:12.511048000,2024-01-20 18:01:12.511048000
2024-05-23 21:47:12.547475,285.999,True,1.065284,1.09923,1.138065,1.129114,2024-01-20 23:01:12.815023000,2024-01-20 18:01:12.815023000
2024-05-23 21:47:13.235300,286.699,False,2.313589,6.9e-05,0.0,0.0,2024-01-20 23:01:13.502848000,2024-01-20 18:01:13.502848000
2024-05-23 21:47:13.539225,286.999,True,1.065284,1.099368,1.138203,1.128976,2024-01-20 23:01:13.806773000,2024-01-20 18:01:13.806773000
2024-05-23 21:47:14.243075,287.699,False,2.538338,6.9e-05,0.0,0.0,2024-01-20 23:01:14.510623000,2024-01-20 18:01:14.510623000
2024-05-23 21:47:14.547025,287.999,True,1.065146,1.099437,1.137928,1.128976,2024-01-20 23:01:14.814573000,2024-01-20 18:01:14.814573000
2024-05-23 21:47:15.234900,288.699,False,2.82065,6.9e-05,0.0,0.0,2024-01-20 23:01:15.502448000,2024-01-20 18:01:15.502448000
2024-05-23 21:47:15.539300,288.999,False,4.398573,0.0,0.0,0.0,2024-01-20 23:01:15.806848000,2024-01-20 18:01:15.806848000
2024-05-23 21:47:15.539300,288.999,True,1.065215,1.099368,1.138065,1.128907,2024-01-20 23:01:15.806848000,2024-01-20 18:01:15.806848000
2024-05-23 21:47:16.546950,289.999,False,3.102412,6.9e-05,0.0,0.0,2024-01-20 23:01:16.814498000,2024-01-20 18:01:16.814498000
2024-05-23 21:47:16.546975,289.999,True,1.065077,1.099368,1.138203,1.128976,2024-01-20 23:01:16.814523000,2024-01-20 18:01:16.814523000
2024-05-23 21:47:17.538800,290.999,False,0.184743,6.9e-05,0.000138,0.0,2024-01-20 23:01:17.806348000,2024-01-20 18:01:17.806348000
2024-05-23 21:47:17.538800,290.999,True,1.065284,1.099368,1.137997,1.129045,2024-01-20 23:01:17.806348000,2024-01-20 18:01:17.806348000
2024-05-23 21:47:18.546700,291.999,False,0.285067,6.9e-05,6.9e-05,0.0,2024-01-20 23:01:18.814248000,2024-01-20 18:01:18.814248000
2024-05-23 21:47:18.546700,291.999,True,1.065077,1.099368,1.138065,1.128976,2024-01-20 23:01:18.814248000,2024-01-20 18:01:18.814248000
2024-05-23 21:47:18.706325,292.166,False,1.812931,1.600783,1.39917,1.355515,2024-01-20 23:01:18.973873000,2024-01-20 18:01:18.973873000
2024-05-23 21:47:19.538475,292.999,False,0.748405,0.000138,0.000138,0.0,2024-01-20 23:01:19.806023000,2024-01-20 18:01:19.806023000
2024-05-23 21:47:19.538475,292.999,True,1.065215,1.099299,1.138134,1.128839,2024-01-20 23:01:19.806023000,2024-01-20 18:01:19.806023000
2024-05-23 21:47:20.546300,293.999,False,1.029685,6.9e-05,0.000275,0.0,2024-01-20 23:01:20.813848000,2024-01-20 18:01:20.813848000
2024-05-23 21:47:20.546300,293.999,True,1.065008,1.099161,1.137928,1.128976,2024-01-20 23:01:20.813848000,2024-01-20 18:01:20.813848000
2024-05-23 21:47:20.770050,294.227,False,2.526563,2.431403,2.435672,2.436292,2024-01-20 23:01:21.037598000,2024-01-20 18:01:21.037598000
2024-05-23 21:47:21.538350,294.999,False,1.204306,0.000138,6.9e-05,0.0,2024-01-20 23:01:21.805898000,2024-01-20 18:01:21.805898000
2024-05-23 21:47:21.538350,294.999,True,1.065146,1.099368,1.138134,1.128976,2024-01-20 23:01:21.805898000,2024-01-20 18:01:21.805898000
2024-05-23 21:47:22.546125,295.999,False,1.535231,6.9e-05,0.000207,0.0,2024-01-20 23:01:22.813673000,2024-01-20 18:01:22.813673000
2024-05-23 21:47:22.546150,295.999,True,1.065284,1.099368,1.138134,1.128701,2024-01-20 23:01:22.813698000,2024-01-20 18:01:22.813698000
2024-05-23 21:47:23.537550,296.999,False,1.704137,6.9e-05,0.000344,0.0,2024-01-20 23:01:23.805098000,2024-01-20 18:01:23.805098000
2024-05-23 21:47:23.542700,296.999,True,1.065008,1.099299,1.137997,1.128976,2024-01-20 23:01:23.810248000,2024-01-20 18:01:23.810248000
2024-05-23 21:47:23.617550,297.08,False,2.004009,1.858101,1.691054,1.769689,2024-01-20 23:01:23.885098000,2024-01-20 18:01:23.885098000
2024-05-23 21:47:24.545775,297.999,False,2.141171,0.000138,0.000207,0.0,2024-01-20 23:01:24.813323000,2024-01-20 18:01:24.813323000
2024-05-23 21:47:24.545775,297.999,True,1.065284,1.099368,1.138065,1.128907,2024-01-20 23:01:24.813323000,2024-01-20 18:01:24.813323000
2024-05-23 21:47:25.537500,298.999,False,2.314966,6.9e-05,6.9e-05,0.0,2024-01-20 23:01:25.805048000,2024-01-20 18:01:25.805048000
2024-05-23 21:47:25.537525,298.999,True,1.065146,1.099437,1.137997,1.128839,2024-01-20 23:01:25.805073000,2024-01-20 18:01:25.805073000
2024-05-23 21:47:25.777100,299.229,False,2.192332,2.09249,2.080853,2.09731,2024-01-20 23:01:26.044648000,2024-01-20 18:01:26.044648000
2024-05-23 21:47:26.545275,299.999,False,2.538338,0.000138,0.000138,0.0,2024-01-20 23:01:26.812823000,2024-01-20 18:01:26.812823000
2024-05-23 21:47:26.545275,299.999,True,1.065146,1.099506,1.138203,1.128907,2024-01-20 23:01:26.812823000,2024-01-20 18:01:26.812823000
2024-05-23 21:47:27.537250,300.999,False,2.820719,6.9e-05,0.0,0.0,2024-01-20 23:01:27.804798000,2024-01-20 18:01:27.804798000
2024-05-23 21:47:27.537275,300.999,True,1.065077,1.099506,1.138065,1.128907,2024-01-20 23:01:27.804823000,2024-01-20 18:01:27.804823000
2024-05-23 21:47:28.545100,301.999,False,3.102412,6.9e-05,0.000138,0.0,2024-01-20 23:01:28.812648000,2024-01-20 18:01:28.812648000
2024-05-23 21:47:28.545100,301.999,True,1.065146,1.099368,1.138065,1.129045,2024-01-20 23:01:28.812648000,2024-01-20 18:01:28.812648000
2024-05-23 21:47:29.536900,302.999,False,0.184743,6.9e-05,0.000138,0.0,2024-01-20 23:01:29.804448000,2024-01-20 18:01:29.804448000
2024-05-23 21:47:29.536925,302.999,True,1.065284,1.099368,1.138065,1.128907,2024-01-20 23:01:29.804473000,2024-01-20 18:01:29.804473000
2024-05-23 21:47:30.544725,303.999,False,0.284929,6.9e-05,0.0,0.0,2024-01-20 23:01:30.812273000,2024-01-20 18:01:30.812273000
2024-05-23 21:47:30.544725,303.999,True,1.064871,1.099437,1.137997,1.128839,2024-01-20 23:01:30.812273000,2024-01-20 18:01:30.812273000
2024-05-23 21:47:31.536650,304.999,False,0.748405,6.9e-05,0.000138,0.0,2024-01-20 23:01:31.804198000,2024-01-20 18:01:31.804198000
2024-05-23 21:47:31.536650,304.999,True,1.065146,1.099368,1.137928,1.129045,2024-01-20 23:01:31.804198000,2024-01-20 18:01:31.804198000
2024-05-23 21:47:32.544500,305.999,False,1.029616,6.9e-05,0.000138,0.0,2024-01-20 23:01:32.812048000,2024-01-20 18:01:32.812048000
2024-05-23 21:47:32.544500,305.999,True,1.065008,1.099299,1.137928,1.128976,2024-01-20 23:01:32.812048000,2024-01-20 18:01:32.812048000
2024-05-23 21:47:33.535700,306.999,False,1.20465,6.9e-05,0.000138,0.0,2024-01-20 23:01:33.803248000,2024-01-20 18:01:33.803248000
2024-05-23 21:47:33.541050,306.999,True,1.065146,1.099437,1.137997,1.128907,2024-01-20 23:01:33.808598000,2024-01-20 18:01:33.808598000
2024-05-23 21:47:34.543650,307.999,False,1.535231,6.9e-05,6.9e-05,0.0,2024-01-20 23:01:34.811198000,2024-01-20 18:01:34.811198000
2024-05-23 21:47:34.549000,307.999,True,1.065284,1.099299,1.138065,1.128701,2024-01-20 23:01:34.816548000,2024-01-20 18:01:34.816548000
2024-05-23 21:47:35.535400,308.999,False,1.704206,6.9e-05,0.000138,0.0,2024-01-20 23:01:35.802948000,2024-01-20 18:01:35.802948000
2024-05-23 21:47:35.540750,308.999,True,1.065008,1.09923,1.137997,1.128839,2024-01-20 23:01:35.808298000,2024-01-20 18:01:35.808298000
2024-05-23 21:47:36.431225,309.892,False,2.251205,2.136145,2.093867,2.136902,2024-01-20 23:01:36.698773000,2024-01-20 18:01:36.698773000
2024-05-23 21:47:36.543175,309.999,False,2.141171,0.000138,0.000138,0.0,2024-01-20 23:01:36.810723000,2024-01-20 18:01:36.810723000
2024-05-23 21:47:36.548475,309.999,True,1.065146,1.099368,1.137928,1.128976,2024-01-20 23:01:36.816023000,2024-01-20 18:01:36.816023000
2024-05-23 21:47:37.439050,310.906,False,2.799029,2.748902,2.614769,2.61229,2024-01-20 23:01:37.706598000,2024-01-20 18:01:37.706598000
2024-05-23 21:47:37.535050,310.999,False,2.314966,0.000138,0.000138,0.0,2024-01-20 23:01:37.802598000,2024-01-20 18:01:37.802598000
2024-05-23 21:47:37.540400,310.999,True,1.064939,1.099437,1.137928,1.128839,2024-01-20 23:01:37.807948000,2024-01-20 18:01:37.807948000
2024-05-23 21:47:38.542850,311.999,False,2.538338,6.9e-05,0.000344,0.0,2024-01-20 23:01:38.810398000,2024-01-20 18:01:38.810398000
2024-05-23 21:47:38.548175,311.999,True,1.065008,1.099437,1.138134,1.129045,2024-01-20 23:01:38.815723000,2024-01-20 18:01:38.815723000
2024-05-23 21:47:39.534725,312.999,False,2.820719,6.9e-05,0.000275,0.0,2024-01-20 23:01:39.802273000,2024-01-20 18:01:39.802273000
2024-05-23 21:47:39.540075,312.999,True,1.065077,1.099299,1.138065,1.128701,2024-01-20 23:01:39.807623000,2024-01-20 18:01:39.807623000
2024-05-23 21:47:40.542525,313.999,False,3.102412,6.9e-05,0.0,0.0,2024-01-20 23:01:40.810073000,2024-01-20 18:01:40.810073000
2024-05-23 21:47:40.547825,313.999,True,1.065215,1.099299,1.137997,1.128907,2024-01-20 23:01:40.815373000,2024-01-20 18:01:40.815373000
2024-05-23 21:47:41.535125,314.999,False,0.184743,6.9e-05,6.9e-05,0.0,2024-01-20 23:01:41.802673000,2024-01-20 18:01:41.802673000
2024-05-23 21:47:41.535150,314.999,True,1.065008,1.099437,1.138065,1.128632,2024-01-20 23:01:41.802698000,2024-01-20 18:01:41.802698000
2024-05-23 21:47:42.542800,315.999,False,0.284929,6.9e-05,0.000138,0.0,2024-01-20 23:01:42.810348000,2024-01-20 18:01:42.810348000
2024-05-23 21:47:42.542800,315.999,True,1.064871,1.09923,1.13779,1.12877,2024-01-20 23:01:42.810348000,2024-01-20 18:01:42.810348000
2024-05-23 21:47:43.534600,316.999,False,0.748405,6.9e-05,0.000207,0.0,2024-01-20 23:01:43.802148000,2024-01-20 18:01:43.802148000
2024-05-23 21:47:43.534600,316.999,True,1.065215,1.09923,1.137997,1.128907,2024-01-20 23:01:43.802148000,2024-01-20 18:01:43.802148000
2024-05-23 21:47:44.542525,317.999,False,1.029685,6.9e-05,0.000413,0.0,2024-01-20 23:01:44.810073000,2024-01-20 18:01:44.810073000
2024-05-23 21:47:44.542525,317.999,True,1.065146,1.099437,1.137859,1.12877,2024-01-20 23:01:44.810073000,2024-01-20 18:01:44.810073000
2024-05-23 21:47:45.534175,318.999,False,1.204374,6.9e-05,0.000138,0.0,2024-01-20 23:01:45.801723000,2024-01-20 18:01:45.801723000
2024-05-23 21:47:45.534200,318.999,True,1.065215,1.099506,1.138065,1.128907,2024-01-20 23:01:45.801748000,2024-01-20 18:01:45.801748000
2024-05-23 21:47:46.397850,319.856,False,2.015163,1.821332,1.751029,1.859272,2024-01-20 23:01:46.665398000,2024-01-20 18:01:46.665398000
2024-05-23 21:47:46.542100,319.999,False,1.535231,0.000138,0.000207,0.0,2024-01-20 23:01:46.809648000,2024-01-20 18:01:46.809648000
2024-05-23 21:47:46.542100,319.999,True,1.065008,1.099368,1.137997,1.128907,2024-01-20 23:01:46.809648000,2024-01-20 18:01:46.809648000
2024-05-23 21:47:47.534050,320.999,False,1.704137,6.9e-05,0.000138,0.0,2024-01-20 23:01:47.801598000,2024-01-20 18:01:47.801598000
2024-05-23 21:47:47.534050,320.999,True,1.064939,1.099299,1.137928,1.128701,2024-01-20 23:01:47.801598000,2024-01-20 18:01:47.801598000
2024-05-23 21:47:48.413525,321.88,False,2.049316,1.892529,1.694153,1.811416,2024-01-20 23:01:48.681073000,2024-01-20 18:01:48.681073000
2024-05-23 21:47:48.541875,321.999,False,2.141171,0.000138,0.000138,0.0,2024-01-20 23:01:48.809423000,2024-01-20 18:01:48.809423000
2024-05-23 21:47:48.541875,321.999,True,1.065284,1.099506,1.138065,1.128701,2024-01-20 23:01:48.809423000,2024-01-20 18:01:48.809423000
2024-05-23 21:47:49.501300,322.954,False,1.951195,1.781945,1.746415,1.802534,2024-01-20 23:01:49.768848000,2024-01-20 18:01:49.768848000
2024-05-23 21:47:49.533600,322.999,False,2.315035,0.000138,0.000207,0.0,2024-01-20 23:01:49.801148000,2024-01-20 18:01:49.801148000
2024-05-23 21:47:49.533600,322.999,True,1.065008,1.09923,1.137997,1.128839,2024-01-20 23:01:49.801148000,2024-01-20 18:01:49.801148000
2024-05-23 21:47:49.725225,323.192,False,2.246247,2.137315,2.062399,2.110943,2024-01-20 23:01:49.992773000,2024-01-20 18:01:49.992773000
2024-05-23 21:47:50.141175,323.607,False,2.002494,1.885575,1.75275,1.774647,2024-01-20 23:01:50.408723000,2024-01-20 18:01:50.408723000
2024-05-23 21:47:50.285175,323.738,False,1.99189,1.82567,1.569866,1.676457,2024-01-20 23:01:50.552723000,2024-01-20 18:01:50.552723000
2024-05-23 21:47:50.541525,323.999,False,2.538338,0.000275,0.000138,0.0,2024-01-20 23:01:50.809073000,2024-01-20 18:01:50.809073000
2024-05-23 21:47:50.541550,323.999,True,1.065284,1.099368,1.138065,1.128907,2024-01-20 23:01:50.809098000,2024-01-20 18:01:50.809098000
2024-05-23 21:47:51.533250,324.999,False,2.820719,6.9e-05,0.000344,0.0,2024-01-20 23:01:51.800798000,2024-01-20 18:01:51.800798000
2024-05-23 21:47:51.533250,324.999,True,1.065077,1.09923,1.138065,1.128839,2024-01-20 23:01:51.800798000,2024-01-20 18:01:51.800798000
2024-05-23 21:47:52.541225,325.999,False,3.102412,6.9e-05,0.0,0.0,2024-01-20 23:01:52.808773000,2024-01-20 18:01:52.808773000
2024-05-23 21:47:52.541225,325.999,True,1.065215,1.099437,1.138065,1.128907,2024-01-20 23:01:52.808773000,2024-01-20 18:01:52.808773000
2024-05-23 21:47:53.532875,326.999,False,0.184743,6.9e-05,0.0,0.0,2024-01-20 23:01:53.800423000,2024-01-20 18:01:53.800423000
2024-05-23 21:47:53.532875,326.999,True,1.065146,1.099299,1.138065,1.128563,2024-01-20 23:01:53.800423000,2024-01-20 18:01:53.800423000
2024-05-23 21:47:54.540725,327.999,False,0.284792,6.9e-05,0.000138,0.0,2024-01-20 23:01:54.808273000,2024-01-20 18:01:54.808273000
2024-05-23 21:47:54.540725,327.999,True,1.065146,1.09923,1.138065,1.12877,2024-01-20 23:01:54.808273000,2024-01-20 18:01:54.808273000
2024-05-23 21:47:55.532625,328.999,False,0.748405,6.9e-05,6.9e-05,0.0,2024-01-20 23:01:55.800173000,2024-01-20 18:01:55.800173000
2024-05-23 21:47:55.532650,328.999,True,1.064939,1.09923,1.137652,1.128701,2024-01-20 23:01:55.800198000,2024-01-20 18:01:55.800198000
2024-05-23 21:47:56.540575,329.999,False,1.029685,6.9e-05,0.000138,0.0,2024-01-20 23:01:56.808123000,2024-01-20 18:01:56.808123000
2024-05-23 21:47:56.540600,329.999,True,1.065008,1.099368,1.137928,1.12877,2024-01-20 23:01:56.808148000,2024-01-20 18:01:56.808148000
2024-05-23 21:47:56.652075,330.118,False,2.033617,1.864711,1.760256,1.83648,2024-01-20 23:01:56.919623000,2024-01-20 18:01:56.919623000
2024-05-23 21:47:57.532075,330.999,False,1.204443,0.000138,0.000138,0.0,2024-01-20 23:01:57.799623000,2024-01-20 18:01:57.799623000
2024-05-23 21:47:57.548025,330.999,True,1.065146,1.09923,1.137997,1.128976,2024-01-20 23:01:57.815573000,2024-01-20 18:01:57.815573000
2024-05-23 21:47:58.540150,331.999,False,1.535163,6.9e-05,0.000207,0.0,2024-01-20 23:01:58.807698000,2024-01-20 18:01:58.807698000
2024-05-23 21:47:58.540175,331.999,True,1.065146,1.099437,1.137928,1.12877,2024-01-20 23:01:58.807723000,2024-01-20 18:01:58.807723000
2024-05-23 21:47:59.499675,332.955,False,1.839785,1.510168,1.478493,1.541222,2024-01-20 23:01:59.767223000,2024-01-20 18:01:59.767223000
2024-05-23 21:47:59.531475,332.999,False,1.704275,0.000138,6.9e-05,0.0,2024-01-20 23:01:59.799023000,2024-01-20 18:01:59.799023000
2024-05-23 21:47:59.547625,332.999,True,1.065008,1.099161,1.13779,1.129045,2024-01-20 23:01:59.815173000,2024-01-20 18:01:59.815173000
2024-05-23 21:48:00.539750,333.999,False,2.141171,6.9e-05,6.9e-05,0.0,2024-01-20 23:02:00.807298000,2024-01-20 18:02:00.807298000
2024-05-23 21:48:00.539750,333.999,True,1.065077,1.09923,1.137859,1.128839,2024-01-20 23:02:00.807298000,2024-01-20 18:02:00.807298000
2024-05-23 21:48:01.531200,334.999,False,2.314759,6.9e-05,0.000207,0.0,2024-01-20 23:02:01.798748000,2024-01-20 18:02:01.798748000
2024-05-23 21:48:01.552800,334.999,True,1.065146,1.099024,1.137928,1.128907,2024-01-20 23:02:01.820348000,2024-01-20 18:02:01.820348000
2024-05-23 21:48:02.539175,335.999,False,2.538338,6.9e-05,6.9e-05,0.0,2024-01-20 23:02:02.806723000,2024-01-20 18:02:02.806723000
2024-05-23 21:48:02.539200,335.999,True,1.065146,1.099368,1.137928,1.128839,2024-01-20 23:02:02.806748000,2024-01-20 18:02:02.806748000
2024-05-23 21:48:03.547000,336.999,False,2.820719,6.9e-05,6.9e-05,0.0,2024-01-20 23:02:03.814548000,2024-01-20 18:02:03.814548000
2024-05-23 21:48:03.547000,336.999,True,1.065146,1.09923,1.137928,1.128839,2024-01-20 23:02:03.814548000,2024-01-20 18:02:03.814548000
2024-05-23 21:48:04.538850,337.999,False,3.102412,6.9e-05,0.0,0.0,2024-01-20 23:02:04.806398000,2024-01-20 18:02:04.806398000
2024-05-23 21:48:04.538850,337.999,True,1.065215,1.099299,1.137928,1.128839,2024-01-20 23:02:04.806398000,2024-01-20 18:02:04.806398000
2024-05-23 21:48:05.547975,338.999,False,0.184743,6.9e-05,0.0,0.0,2024-01-20 23:02:05.815523000,2024-01-20 18:02:05.815523000
2024-05-23 21:48:05.548000,338.999,True,1.065215,1.099161,1.137721,1.12877,2024-01-20 23:02:05.815548000,2024-01-20 18:02:05.815548000
2024-05-23 21:48:06.538475,339.999,False,0.284929,6.9e-05,0.0,0.0,2024-01-20 23:02:06.806023000,2024-01-20 18:02:06.806023000
2024-05-23 21:48:06.538475,339.999,True,1.065077,1.09923,1.137721,1.12877,2024-01-20 23:02:06.806023000,2024-01-20 18:02:06.806023000
2024-05-23 21:48:07.546375,340.999,False,0.748405,6.9e-05,0.000275,0.0,2024-01-20 23:02:07.813923000,2024-01-20 18:02:07.813923000
2024-05-23 21:48:07.546375,340.999,True,1.065008,1.099161,1.137859,1.128907,2024-01-20 23:02:07.813923000,2024-01-20 18:02:07.813923000
2024-05-23 21:48:08.538075,341.999,False,1.029754,6.9e-05,6.9e-05,0.0,2024-01-20 23:02:08.805623000,2024-01-20 18:02:08.805623000
2024-05-23 21:48:08.543175,341.999,True,1.065077,1.09923,1.137721,1.128632,2024-01-20 23:02:08.810723000,2024-01-20 18:02:08.810723000
2024-05-23 21:48:09.545800,342.999,False,1.204168,6.9e-05,0.000138,0.0,2024-01-20 23:02:09.813348000,2024-01-20 18:02:09.813348000
2024-05-23 21:48:09.550925,342.999,True,1.064871,1.099299,1.13779,1.128839,2024-01-20 23:02:09.818473000,2024-01-20 18:02:09.818473000
2024-05-23 21:48:10.537650,343.999,False,1.535231,6.9e-05,0.0,0.0,2024-01-20 23:02:10.805198000,2024-01-20 18:02:10.805198000
2024-05-23 21:48:10.542900,343.999,True,1.065008,1.099368,1.137859,1.128701,2024-01-20 23:02:10.810448000,2024-01-20 18:02:10.810448000
2024-05-23 21:48:11.545700,344.999,False,1.704275,6.9e-05,0.000207,0.0,2024-01-20 23:02:11.813248000,2024-01-20 18:02:11.813248000
2024-05-23 21:48:11.545725,344.999,True,1.065008,1.099299,1.137859,1.12877,2024-01-20 23:02:11.813273000,2024-01-20 18:02:11.813273000
2024-05-23 21:48:12.537500,345.999,False,2.141171,6.9e-05,0.000138,0.0,2024-01-20 23:02:12.805048000,2024-01-20 18:02:12.805048000
2024-05-23 21:48:12.537500,345.999,True,1.065077,1.099299,1.137721,1.128839,2024-01-20 23:02:12.805048000,2024-01-20 18:02:12.805048000
2024-05-23 21:48:13.545375,346.999,False,2.314897,6.9e-05,0.000138,0.0,2024-01-20 23:02:13.812923000,2024-01-20 18:02:13.812923000
2024-05-23 21:48:13.545400,346.999,True,1.064871,1.099092,1.137859,1.12877,2024-01-20 23:02:13.812948000,2024-01-20 18:02:13.812948000
2024-05-23 21:48:14.537200,347.999,False,2.538338,6.9e-05,0.000275,0.0,2024-01-20 23:02:14.804748000,2024-01-20 18:02:14.804748000
2024-05-23 21:48:14.537225,347.999,True,1.065008,1.099024,1.137859,1.128839,2024-01-20 23:02:14.804773000,2024-01-20 18:02:14.804773000
2024-05-23 21:48:15.545025,348.999,False,2.820719,6.9e-05,0.000275,0.0,2024-01-20 23:02:15.812573000,2024-01-20 18:02:15.812573000
2024-05-23 21:48:15.545050,348.999,True,1.065215,1.099092,1.13779,1.128563,2024-01-20 23:02:15.812598000,2024-01-20 18:02:15.812598000
2024-05-23 21:48:16.536900,349.999,False,3.102412,6.9e-05,0.000275,0.0,2024-01-20 23:02:16.804448000,2024-01-20 18:02:16.804448000
2024-05-23 21:48:16.536900,349.999,True,1.064939,1.09923,1.13779,1.12877,2024-01-20 23:02:16.804448000,2024-01-20 18:02:16.804448000
2024-05-23 21:48:17.224575,350.692,False,1.790277,1.513679,1.462863,1.430982,2024-01-20 23:02:17.492123000,2024-01-20 18:02:17.492123000
2024-05-23 21:48:17.544725,350.999,False,0.184743,0.000138,0.0,0.0,2024-01-20 23:02:17.812273000,2024-01-20 18:02:17.812273000
2024-05-23 21:48:17.544750,350.999,True,1.065008,1.09923,1.137997,1.128839,2024-01-20 23:02:17.812298000,2024-01-20 18:02:17.812298000
2024-05-23 21:48:18.536525,351.999,False,0.284998,6.9e-05,0.000207,0.0,2024-01-20 23:02:18.804073000,2024-01-20 18:02:18.804073000
2024-05-23 21:48:18.536525,351.999,True,1.065146,1.099299,1.137721,1.128632,2024-01-20 23:02:18.804073000,2024-01-20 18:02:18.804073000
2024-05-23 21:48:19.544625,352.999,False,0.748405,6.9e-05,6.9e-05,0.0,2024-01-20 23:02:19.812173000,2024-01-20 18:02:19.812173000
2024-05-23 21:48:19.544625,352.999,True,1.064802,1.09923,1.13779,1.128701,2024-01-20 23:02:19.812173000,2024-01-20 18:02:19.812173000
2024-05-23 21:48:20.537150,353.999,False,1.029754,6.9e-05,0.000138,0.0,2024-01-20 23:02:20.804698000,2024-01-20 18:02:20.804698000
2024-05-23 21:48:20.537150,353.999,True,1.064871,1.09923,1.137928,1.128701,2024-01-20 23:02:20.804698000,2024-01-20 18:02:20.804698000
2024-05-23 21:48:21.544000,354.999,False,1.203961,6.9e-05,0.0,0.0,2024-01-20 23:02:21.811548000,2024-01-20 18:02:21.811548000
2024-05-23 21:48:21.544025,354.999,True,1.065146,1.099161,1.137928,1.128907,2024-01-20 23:02:21.811573000,2024-01-20 18:02:21.811573000
2024-05-23 21:48:22.535900,355.999,False,1.535231,6.9e-05,0.000138,0.0,2024-01-20 23:02:22.803448000,2024-01-20 18:02:22.803448000
2024-05-23 21:48:22.535925,355.999,True,1.065146,1.09923,1.137928,1.128701,2024-01-20 23:02:22.803473000,2024-01-20 18:02:22.803473000
2024-05-23 21:48:23.543950,356.999,False,1.704137,6.9e-05,0.000207,0.0,2024-01-20 23:02:23.811498000,2024-01-20 18:02:23.811498000
2024-05-23 21:48:23.543950,356.999,True,1.064871,1.09923,1.137859,1.12877,2024-01-20 23:02:23.811498000,2024-01-20 18:02:23.811498000
2024-05-23 21:48:24.535600,357.999,False,2.141171,6.9e-05,0.000275,0.0,2024-01-20 23:02:24.803148000,2024-01-20 18:02:24.803148000
2024-05-23 21:48:24.535600,357.999,True,1.065008,1.099024,1.137859,1.12877,2024-01-20 23:02:24.803148000,2024-01-20 18:02:24.803148000
2024-05-23 21:48:25.031375,358.497,False,1.903065,1.575444,1.462725,1.615243,2024-01-20 23:02:25.298923000,2024-01-20 18:02:25.298923000
2024-05-23 21:48:25.543575,358.999,False,2.314897,0.000138,0.000138,0.0,2024-01-20 23:02:25.811123000,2024-01-20 18:02:25.811123000
2024-05-23 21:48:25.543575,358.999,True,1.064939,1.099092,1.13779,1.128701,2024-01-20 23:02:25.811123000,2024-01-20 18:02:25.811123000
2024-05-23 21:48:26.535550,359.999,False,2.538338,6.9e-05,6.9e-05,0.0,2024-01-20 23:02:26.803098000,2024-01-20 18:02:26.803098000
2024-05-23 21:48:26.535550,359.999,True,1.065077,1.099161,1.137721,1.128839,2024-01-20 23:02:26.803098000,2024-01-20 18:02:26.803098000
2024-05-23 21:48:27.543075,360.999,False,2.820719,6.9e-05,6.9e-05,0.0,2024-01-20 23:02:27.810623000,2024-01-20 18:02:27.810623000
2024-05-23 21:48:27.543075,360.999,True,1.064939,1.099092,1.13779,1.128907,2024-01-20 23:02:27.810623000,2024-01-20 18:02:27.810623000
2024-05-23 21:48:28.134950,361.599,False,4.409108,6.9e-05,0.0,0.0,2024-01-20 23:02:28.402498000,2024-01-20 18:02:28.402498000
2024-05-23 21:48:28.310725,361.777,False,2.212369,2.151293,2.120996,2.096896,2024-01-20 23:02:28.578273000,2024-01-20 18:02:28.578273000
2024-05-23 21:48:28.438800,361.905,False,1.791792,1.586392,1.387396,1.293062,2024-01-20 23:02:28.706348000,2024-01-20 18:02:28.706348000
2024-05-23 21:48:28.534825,361.999,True,1.065215,1.099161,1.137859,1.12877,2024-01-20 23:02:28.802373000,2024-01-20 18:02:28.802373000
2024-05-23 21:48:28.886600,362.354,False,1.953812,1.760531,1.661721,1.74676,2024-01-20 23:02:29.154148000,2024-01-20 18:02:29.154148000
2024-05-23 21:48:28.950875,362.407,False,2.465556,2.400624,2.329839,2.325845,2024-01-20 23:02:29.218423000,2024-01-20 18:02:29.218423000
2024-05-23 21:48:29.142625,362.599,False,3.102412,0.000344,0.000207,0.0,2024-01-20 23:02:29.410173000,2024-01-20 18:02:29.410173000
2024-05-23 21:48:29.542650,362.999,True,1.065008,1.099024,1.137859,1.12877,2024-01-20 23:02:29.810198000,2024-01-20 18:02:29.810198000
2024-05-23 21:48:30.134425,363.599,False,0.184743,6.9e-05,6.9e-05,0.0,2024-01-20 23:02:30.401973000,2024-01-20 18:02:30.401973000
2024-05-23 21:48:30.534500,363.999,True,1.065077,1.099299,1.137652,1.128839,2024-01-20 23:02:30.802048000,2024-01-20 18:02:30.802048000
2024-05-23 21:48:30.630275,364.089,False,2.006625,1.911121,1.824637,1.849769,2024-01-20 23:02:30.897823000,2024-01-20 18:02:30.897823000
2024-05-23 21:48:31.142400,364.599,False,0.284929,0.000138,0.000275,0.0,2024-01-20 23:02:31.409948000,2024-01-20 18:02:31.409948000
2024-05-23 21:48:31.542225,364.999,True,1.064939,1.098955,1.13779,1.128701,2024-01-20 23:02:31.809773000,2024-01-20 18:02:31.809773000
2024-05-23 21:48:32.134500,365.587,False,2.145165,2.004904,1.999395,1.939903,2024-01-20 23:02:32.402048000,2024-01-20 18:02:32.402048000
2024-05-23 21:48:32.134525,365.599,False,0.748405,0.000138,0.000482,0.0,2024-01-20 23:02:32.402073000,2024-01-20 18:02:32.402073000
2024-05-23 21:48:32.534300,365.999,True,1.065008,1.099299,1.137928,1.128839,2024-01-20 23:02:32.801848000,2024-01-20 18:02:32.801848000
2024-05-23 21:48:33.142225,366.599,False,1.029754,6.9e-05,0.000482,0.0,2024-01-20 23:02:33.409773000,2024-01-20 18:02:33.409773000
2024-05-23 21:48:33.542100,366.999,True,1.064871,1.099024,1.137721,1.12877,2024-01-20 23:02:33.809648000,2024-01-20 18:02:33.809648000
2024-05-23 21:48:33.798000,367.265,False,2.226347,2.164032,2.106054,2.086981,2024-01-20 23:02:34.065548000,2024-01-20 18:02:34.065548000
2024-05-23 21:48:34.133950,367.599,False,1.204237,0.000138,0.000138,0.0,2024-01-20 23:02:34.401498000,2024-01-20 18:02:34.401498000
2024-05-23 21:48:34.534050,367.999,True,1.065077,1.099092,1.137928,1.12877,2024-01-20 23:02:34.801598000,2024-01-20 18:02:34.801598000
2024-05-23 21:48:35.093800,368.549,False,2.021498,1.950713,1.8455,1.827873,2024-01-20 23:02:35.361348000,2024-01-20 18:02:35.361348000
2024-05-23 21:48:35.141775,368.599,False,1.542737,0.000138,0.000344,0.0,2024-01-20 23:02:35.409323000,2024-01-20 18:02:35.409323000
2024-05-23 21:48:35.461775,368.917,False,1.828011,1.424372,1.25161,1.419483,2024-01-20 23:02:35.729323000,2024-01-20 18:02:35.729323000
2024-05-23 21:48:35.541825,368.999,True,1.064939,1.09923,1.137859,1.128701,2024-01-20 23:02:35.809373000,2024-01-20 18:02:35.809373000
2024-05-23 21:48:35.797550,369.257,False,2.207756,2.13463,2.058888,2.071557,2024-01-20 23:02:36.065098000,2024-01-20 18:02:36.065098000
2024-05-23 21:48:35.862025,369.322,False,2.357657,2.263943,2.196257,2.229997,2024-01-20 23:02:36.129573000,2024-01-20 18:02:36.129573000
2024-05-23 21:48:35.862025,369.325,False,2.111494,2.03527,1.976122,1.978669,2024-01-20 23:02:36.129573000,2024-01-20 18:02:36.129573000
2024-05-23 21:48:35.893725,369.351,False,2.076033,1.938182,1.767279,1.865193,2024-01-20 23:02:36.161273000,2024-01-20 18:02:36.161273000
2024-05-23 21:48:36.133600,369.599,False,1.704137,0.000413,0.000482,0.0,2024-01-20 23:02:36.401148000,2024-01-20 18:02:36.401148000
2024-05-23 21:48:36.533625,369.999,True,1.065008,1.099024,1.137859,1.128839,2024-01-20 23:02:36.801173000,2024-01-20 18:02:36.801173000
2024-05-23 21:48:37.061425,370.524,False,2.185033,2.091526,2.00394,2.046493,2024-01-20 23:02:37.328973000,2024-01-20 18:02:37.328973000
2024-05-23 21:48:37.141450,370.599,False,2.151638,0.000138,0.000275,0.0,2024-01-20 23:02:37.408998000,2024-01-20 18:02:37.408998000
2024-05-23 21:48:37.541400,370.999,True,1.064871,1.09923,1.137583,1.12877,2024-01-20 23:02:37.808948000,2024-01-20 18:02:37.808948000
2024-05-23 21:48:38.133375,371.599,False,2.315517,6.9e-05,0.000275,0.0,2024-01-20 23:02:38.400923000,2024-01-20 18:02:38.400923000
2024-05-23 21:48:38.533225,371.999,True,1.064939,1.099161,1.137721,1.12877,2024-01-20 23:02:38.800773000,2024-01-20 18:02:38.800773000
2024-05-23 21:48:38.549225,372.014,False,2.023289,1.935083,1.859409,1.860098,2024-01-20 23:02:38.816773000,2024-01-20 18:02:38.816773000
2024-05-23 21:48:39.141200,372.599,False,2.538338,0.000138,0.000207,0.0,2024-01-20 23:02:39.408748000,2024-01-20 18:02:39.408748000
2024-05-23 21:48:39.445075,372.906,False,2.316137,2.230685,2.172364,2.192057,2024-01-20 23:02:39.712623000,2024-01-20 18:02:39.712623000
2024-05-23 21:48:39.541100,372.999,True,1.065008,1.099161,1.137721,1.128839,2024-01-20 23:02:39.808648000,2024-01-20 18:02:39.808648000
2024-05-23 21:48:40.132950,373.599,False,2.820788,0.000138,0.000275,0.0,2024-01-20 23:02:40.400498000,2024-01-20 18:02:40.400498000
2024-05-23 21:48:40.532900,373.999,True,1.065008,1.098886,1.13779,1.12877,2024-01-20 23:02:40.800448000,2024-01-20 18:02:40.800448000
2024-05-23 21:48:41.012900,374.466,False,2.058406,1.93164,1.882339,1.917593,2024-01-20 23:02:41.280448000,2024-01-20 18:02:41.280448000
2024-05-23 21:48:41.140900,374.599,False,3.102412,0.000138,0.000413,0.0,2024-01-20 23:02:41.408448000,2024-01-20 18:02:41.408448000
